"","GEOID","avg_distance_metro_miles","avg_distance_bus_miles","LOCATION","AREA_SQMI","E_TOTPOP","E_HU","E_HH","E_POV150","E_UNEMP","E_HBURD","E_NOHSDP","E_UNINSUR","E_AGE65","E_AGE17","E_DISABL","E_SNGPNT","E_LIMENG","E_MINRTY","E_MUNIT","E_MOBILE","E_CROWD","E_NOVEH","E_GROUPQ","EP_POV150","EP_UNEMP","EP_HBURD","EP_NOHSDP","EP_UNINSUR","EP_AGE65","EP_AGE17","EP_DISABL","EP_SNGPNT","EP_LIMENG","EP_MINRTY","EP_MUNIT","EP_MOBILE","EP_CROWD","EP_NOVEH","EP_GROUPQ","EPL_POV150","EPL_UNEMP","EPL_HBURD","EPL_NOHSDP","EPL_UNINSUR","SPL_THEME1","RPL_THEME1","EPL_AGE65","EPL_AGE17","EPL_DISABL","EPL_SNGPNT","EPL_LIMENG","SPL_THEME2","RPL_THEME2","EPL_MINRTY","SPL_THEME3","RPL_THEME3","EPL_MUNIT","EPL_MOBILE","EPL_CROWD","EPL_NOVEH","EPL_GROUPQ","SPL_THEME4","RPL_THEME4","SPL_THEMES","RPL_THEMES","F_POV150","F_UNEMP","F_HBURD","F_NOHSDP","F_UNINSUR","F_THEME1","F_AGE65","F_AGE17","F_DISABL","F_SNGPNT","F_LIMENG","F_THEME2","F_MINRTY","F_THEME3","F_MUNIT","F_MOBILE","F_CROWD","F_NOVEH","F_GROUPQ","F_THEME4","F_TOTAL","train_walking_category","bus_walking_category"
"1",11001000101,0.78,0.06,"Census Tract 1.01; District of Columbia; District of Columbia",0.077133913,1097,841,738,47,0,122,12,22,317,78,55,0,0,298,525,0,4,293,0,4.3,0,16.5,1.2,2,28.9,7.1,5,0,0,27.2,62.4,0,0.5,39.7,0,0.0683,0,0.3005,0.1854,0.3951,0.9493,0.1133,0.9756,0.1756,0.1122,0,0,1.2634,0.1084,0.1024,0.1024,0.1024,0.6897,0,0.1921,0.6158,0,1.4976,0.2365,3.8127,0.0837,0,0,0,0,0,0,1,0,0,0,0,1,0,0,0,0,0,0,0,0,1,"10+ minutes","0-5 minutes"
"2",11001000102,1.03,0.08,"Census Tract 1.02; District of Columbia; District of Columbia",0.658876885,3127,2093,1866,256,16,234,60,33,871,301,211,49,60,634,493,0,0,440,0,8.2,0.8,12.5,2.2,1.1,27.9,9.6,6.7,2.6,2,20.3,23.6,0,0,23.6,0,0.2341,0.0537,0.1576,0.2634,0.2195,0.9283,0.0936,0.9561,0.2341,0.2585,0.4089,0.7171,2.5747,0.5025,0.0146,0.0146,0.0146,0.2709,0,0,0.2709,0,0.5418,0.0296,4.0594,0.0936,0,0,0,0,0,0,1,0,0,0,0,1,0,0,0,0,0,0,0,0,1,"10+ minutes","0-5 minutes"
"3",11001000202,1.43,0.07,"Census Tract 2.02; District of Columbia; District of Columbia",0.299783106,3919,1957,1802,476,107,255,35,16,825,258,238,0,10,936,431,0,9,523,591,14.5,4.2,14.2,1.4,0.4,21.1,6.6,6.1,0,0.3,23.9,22,0,0.5,29,15.1,0.478,0.4195,0.2315,0.2098,0.0976,1.4364,0.2167,0.8585,0.161,0.1902,0,0.322,1.5317,0.1872,0.0537,0.0537,0.0537,0.2562,0,0.1921,0.3941,0.9512,1.7936,0.3793,4.8154,0.1527,0,0,0,0,0,0,0,0,0,0,0,0,0,0,0,0,0,0,1,1,1,"10+ minutes","0-5 minutes"
"4",11001000300,1.7,0.1,"Census Tract 3; District of Columbia; District of Columbia",0.402378516,5979,2785,2471,673,52,347,128,0,606,1335,135,30,23,1992,339,0,16,345,0,11.3,1.5,14,3.2,0,10.1,22.3,2.3,1.2,0.4,33.3,12.1,0,0.6,14,0,0.3512,0.1366,0.2167,0.3561,0,1.0606,0.1281,0.4098,0.6537,0.0195,0.2365,0.3512,1.6707,0.2217,0.2293,0.2293,0.2293,0.1576,0,0.2069,0.1133,0,0.4778,0.0246,3.4384,0.0345,0,0,0,0,0,0,0,0,0,0,0,0,0,0,0,0,0,0,0,0,0,"10+ minutes","0-5 minutes"
"5",11001000400,0.92,0.14,"Census Tract 4; District of Columbia; District of Columbia",0.59507546,1652,815,660,169,29,101,37,5,345,319,106,10,23,546,412,0,0,89,32,10.2,3.6,15.3,3,0.3,20.9,19.3,6.4,1.5,1.4,33.1,50.6,0,0,13.5,1.9,0.3171,0.3707,0.2611,0.3415,0.0878,1.3782,0.197,0.8439,0.5854,0.2244,0.3005,0.6585,2.6127,0.5222,0.2195,0.2195,0.2195,0.5911,0,0,0.1034,0.6244,1.3189,0.1823,5.5293,0.2512,0,0,0,0,0,0,0,0,0,0,0,0,0,0,0,0,0,0,0,0,0,"10+ minutes","0-5 minutes"
"6",11001000501,0.14,0.1,"Census Tract 5.01; District of Columbia; District of Columbia",0.363032019,3594,2539,2183,423,167,608,43,51,573,339,236,22,0,1479,2284,0,18,924,47,11.8,6.6,27.9,1.4,1.4,15.9,9.4,6.6,1,0,41.2,89.9,0,0.8,42.3,1.3,0.3756,0.561,0.5764,0.2098,0.2878,2.0106,0.3941,0.7171,0.2244,0.239,0.2266,0,1.4071,0.1281,0.3073,0.3073,0.3073,0.9015,0,0.2512,0.6502,0.5317,2.3346,0.7143,6.0596,0.3251,0,0,0,0,0,0,0,0,0,0,0,0,0,0,1,0,0,0,0,1,1,"0-5 minutes","0-5 minutes"
"7",11001000502,0.48,0.11,"Census Tract 5.02; District of Columbia; District of Columbia",0.224521016,3384,1789,1714,218,49,233,43,16,485,671,187,31,36,1056,1172,0,47,359,0,6.4,2.1,13.6,1.7,0.5,14.3,19.8,5.5,1.8,1.2,31.2,65.5,0,2.8,20.9,0,0.1561,0.2244,0.2118,0.2341,0.1171,0.9435,0.1034,0.6732,0.5902,0.1463,0.33,0.6195,2.3592,0.4138,0.1805,0.1805,0.1805,0.7044,0,0.5369,0.2167,0,1.458,0.2217,4.9412,0.1626,0,0,0,0,0,0,0,0,0,0,0,0,0,0,0,0,0,0,0,0,0,"10+ minutes","0-5 minutes"
"8",11001000600,0.54,0.12,"Census Tract 6; District of Columbia; District of Columbia",0.55670696,4548,2290,2206,195,75,356,170,43,882,934,364,90,0,966,1181,0,0,537,140,4.4,2.8,16.1,4.8,1,19.4,20.5,8.3,4.1,0,21.2,51.6,0,0,24.3,3.1,0.0732,0.2829,0.2857,0.4634,0.1902,1.2954,0.1823,0.8293,0.6146,0.3951,0.5271,0,2.3661,0.4187,0.0195,0.0195,0.0195,0.601,0,0,0.2956,0.7512,1.6478,0.3202,5.3288,0.2069,0,0,0,0,0,0,0,0,0,0,0,0,0,0,0,0,0,0,0,0,0,"10+ minutes","0-5 minutes"
"9",11001000702,1.66,0.07,"Census Tract 7.02; District of Columbia; District of Columbia",0.119292777,2921,2476,2168,297,31,699,0,56,317,137,164,38,36,1104,2052,0,65,723,0,10.2,1.3,32.2,0,1.9,10.9,4.7,5.6,1.8,1.2,37.8,82.9,0,3,33.3,0,0.3171,0.1073,0.7241,0,0.3805,1.529,0.2315,0.4927,0.1463,0.1512,0.33,0.6195,1.7397,0.2512,0.2683,0.2683,0.2683,0.8522,0,0.5517,0.4926,0,1.8965,0.4532,5.4335,0.2266,0,0,0,0,0,0,0,0,0,0,0,0,0,0,0,0,0,0,0,0,0,"10+ minutes","0-5 minutes"
"10",11001000703,1.52,0.17,"Census Tract 7.03; District of Columbia; District of Columbia",0.08962856,2978,2328,2028,100,63,271,26,40,1558,108,547,0,0,958,2303,0,15,506,0,3.4,4,13.4,1,1.3,52.3,3.6,18.4,0,0,32.2,98.9,0,0.7,25,0,0.0439,0.4098,0.1921,0.1707,0.2537,1.0702,0.1379,1,0.122,0.8732,0,0,1.9952,0.2906,0.2098,0.2098,0.2098,0.9655,0,0.2315,0.3054,0,1.5024,0.2414,4.7776,0.1379,0,0,0,0,0,0,1,0,0,0,0,1,0,0,1,0,0,0,0,1,2,"10+ minutes","0-5 minutes"
"11",11001000704,1.29,0.11,"Census Tract 7.04; District of Columbia; District of Columbia",0.128319455,2660,1726,1515,238,60,474,53,37,410,385,190,19,40,712,1195,0,48,407,5,8.9,3.4,31.3,2.6,1.4,15.4,14.5,7.1,1.3,1.6,26.8,69.2,0,3.2,26.9,0.2,0.2634,0.3415,0.6798,0.2976,0.2878,1.8701,0.3399,0.7073,0.3902,0.3024,0.2562,0.678,2.3341,0.4089,0.0976,0.0976,0.0976,0.7537,0,0.5961,0.3498,0.2439,1.9435,0.4729,6.2453,0.3448,0,0,0,0,0,0,0,0,0,0,0,0,0,0,0,0,0,0,0,0,0,"10+ minutes","0-5 minutes"
"12",11001000802,2.49,0.12,"Census Tract 8.02; District of Columbia; District of Columbia",0.651964887,3306,1529,1471,291,68,267,98,37,734,604,312,28,110,922,375,0,52,231,0,8.8,3.6,18.2,3.8,1.1,22.2,18.3,9.4,1.9,3.5,27.9,24.5,0,3.6,15.7,0,0.2488,0.3707,0.3498,0.4098,0.2195,1.5986,0.2611,0.8927,0.5415,0.4732,0.3547,0.8293,3.0914,0.7241,0.122,0.122,0.122,0.2906,0,0.6601,0.133,0,1.0837,0.1084,5.8957,0.2906,0,0,0,0,0,0,0,0,0,0,0,0,0,0,0,0,0,0,0,0,0,"10+ minutes","0-5 minutes"
"13",11001000803,1.28,0.09,"Census Tract 8.03; District of Columbia; District of Columbia",0.11897849,2464,1533,1233,471,86,322,0,226,627,416,236,0,44,938,1105,0,0,273,103,19.9,7.3,26.1,0,9.2,25.4,16.9,9.6,0,1.9,38.1,72.1,0,0,22.1,4.2,0.6098,0.5951,0.5369,0,0.9512,2.693,0.5616,0.9415,0.4683,0.4878,0,0.7024,2.6,0.5074,0.278,0.278,0.278,0.7734,0,0,0.2463,0.8195,1.8392,0.3892,7.4102,0.5271,0,0,0,0,1,1,1,0,0,0,0,1,0,0,0,0,0,0,0,0,2,"10+ minutes","0-5 minutes"
"14",11001000804,2.3,0.27,"Census Tract 8.04; District of Columbia; District of Columbia",0.991034258,3674,1353,1235,280,114,129,0,0,625,949,228,40,10,671,336,0,0,31,307,8.3,6.8,10.4,0,0,17,25.8,6.2,3.2,0.3,18.3,24.9,0,0,2.5,8.4,0.239,0.5854,0.1084,0,0,0.9328,0.0985,0.7561,0.8146,0.2,0.468,0.322,2.5607,0.4926,0.0098,0.0098,0.0098,0.2956,0,0,0.0296,0.8927,1.2179,0.1576,4.7212,0.133,0,0,0,0,0,0,0,0,0,0,0,0,0,0,0,0,0,0,0,0,0,"10+ minutes","6-10 minutes"
"15",11001000902,2.54,0.13,"Census Tract 9.02; District of Columbia; District of Columbia",0.720893361,2310,888,864,101,35,83,44,39,448,645,145,79,29,593,35,0,0,45,5,4.4,3.2,9.6,2.9,1.7,19.4,27.9,6.3,9.2,1.3,25.7,3.9,0,0,5.2,0.2,0.0732,0.3122,0.0985,0.3171,0.3317,1.1327,0.1576,0.8293,0.8439,0.2146,0.7389,0.639,3.2657,0.7931,0.0829,0.0829,0.0829,0.0443,0,0,0.0443,0.2439,0.3325,0.0148,4.8138,0.1478,0,0,0,0,0,0,0,0,0,0,0,0,0,0,0,0,0,0,0,0,0,"10+ minutes","0-5 minutes"
"16",11001000903,1.36,0.2,"Census Tract 9.03; District of Columbia; District of Columbia",0.358341652,2784,390,358,116,169,54,0,36,163,265,162,0,18,656,0,0,0,0,1729,11,14.6,15.1,0,1.3,5.9,9.5,5.8,0,0.7,23.6,0,0,0,0,62.1,0.3463,0.839,0.2562,0,0.2537,1.6952,0.2906,0.1805,0.2293,0.1707,0,0.4439,1.0244,0.0788,0.0439,0.0439,0.0439,0,0,0,0,0.9805,0.9805,0.0739,3.744,0.069,0,0,0,0,0,0,0,0,0,0,0,0,0,0,0,0,0,0,1,1,1,"10+ minutes","0-5 minutes"
"17",11001000904,1.94,0.2,"Census Tract 9.04; District of Columbia; District of Columbia",0.78174458,3221,1301,1214,216,66,95,0,0,928,801,247,19,0,918,204,0,0,168,1,6.7,4.2,7.8,0,0,28.8,24.9,7.7,1.6,0,28.5,15.7,0,0,13.8,0,0.1805,0.4195,0.069,0,0,0.669,0.0591,0.9707,0.7707,0.3561,0.3103,0,2.4078,0.4335,0.1415,0.1415,0.1415,0.1872,0,0,0.1084,0,0.2956,0.0099,3.5139,0.0493,0,0,0,0,0,0,1,0,0,0,0,1,0,0,0,0,0,0,0,0,1,"10+ minutes","0-5 minutes"
"18",11001001002,0.74,0.11,"Census Tract 10.02; District of Columbia; District of Columbia",0.343523444,3438,2344,2032,562,10,560,0,14,401,516,88,92,32,872,975,0,110,462,0,16.3,0.5,27.6,0,0.4,11.7,15,2.6,4.5,1,25.4,41.6,0,5.4,22.7,0,0.5366,0.039,0.5665,0,0.0976,1.2397,0.1773,0.5317,0.4098,0.0293,0.5567,0.5512,2.0787,0.3153,0.0732,0.0732,0.0732,0.5074,0,0.8079,0.2512,0,1.5665,0.2759,4.9581,0.1724,0,0,0,0,0,0,0,0,0,0,0,0,0,0,0,0,0,0,0,0,0,"10+ minutes","0-5 minutes"
"19",11001001003,0.91,0.24,"Census Tract 10.03; District of Columbia; District of Columbia",0.379329771,2989,1132,1132,216,30,67,27,0,527,895,49,73,141,827,0,0,0,0,5,7.4,1.9,5.9,1.4,0,17.6,29.9,1.7,6.4,5.2,27.7,0,0,0,0,0.2,0.2,0.1951,0.0345,0.2098,0,0.6394,0.0493,0.7756,0.8732,0.0098,0.6305,0.878,3.1671,0.7537,0.1171,0.1171,0.1171,0,0,0,0,0.2439,0.2439,0,4.1675,0.1084,0,0,0,0,0,0,0,0,0,0,0,0,0,0,0,0,0,0,0,0,0,"10+ minutes","6-10 minutes"
"20",11001001004,0.49,0.27,"Census Tract 10.04; District of Columbia; District of Columbia",0.568313186,4015,1696,1594,549,11,237,47,32,962,993,356,53,0,999,497,0,0,407,143,14.1,0.6,14.9,1.8,0.8,24,24.7,8.9,3.3,0,24.9,29.3,0,0,25.5,3.6,0.4585,0.0439,0.2512,0.2488,0.1561,1.1585,0.1675,0.922,0.7463,0.4146,0.4729,0,2.5558,0.4877,0.0634,0.0634,0.0634,0.3596,0,0,0.33,0.7951,1.4847,0.2315,5.2624,0.1921,0,0,0,0,0,0,1,0,0,0,0,1,0,0,0,0,0,0,0,0,1,"10+ minutes","6-10 minutes"
"21",11001001100,0.52,0.17,"Census Tract 11; District of Columbia; District of Columbia",0.647357918,4727,2356,2109,442,59,381,74,82,1247,835,436,51,38,1427,1269,0,0,551,91,9.5,2.4,18.1,2.2,1.8,26.4,17.7,9.3,2.4,0.8,30.2,53.9,0,0,26.1,1.9,0.2927,0.2341,0.3399,0.2634,0.3561,1.4862,0.2266,0.9512,0.5073,0.4585,0.3793,0.4683,2.7646,0.5616,0.1561,0.1561,0.1561,0.6207,0,0,0.3399,0.6244,1.585,0.2906,5.9919,0.3153,0,0,0,0,0,0,1,0,0,0,0,1,0,0,0,0,0,0,0,0,1,"10+ minutes","0-5 minutes"
"22",11001001200,0.51,0.14,"Census Tract 12; District of Columbia; District of Columbia",0.470737103,4919,2642,2519,432,192,681,35,28,1089,748,449,73,89,1353,1621,0,25,788,33,8.8,6.4,27,0.9,0.6,22.1,15.2,9.1,2.9,1.9,27.5,61.4,0,1,31.3,0.7,0.2488,0.5415,0.5517,0.1561,0.1317,1.6298,0.266,0.8829,0.4244,0.4293,0.4433,0.7024,2.8823,0.601,0.1122,0.1122,0.1122,0.6798,0,0.3251,0.4532,0.4049,1.863,0.4089,6.4873,0.3941,0,0,0,0,0,0,0,0,0,0,0,0,0,0,0,0,0,0,0,0,0,"10+ minutes","0-5 minutes"
"23",11001001301,0.86,0.4,"Census Tract 13.01; District of Columbia; District of Columbia",1.102514647,4041,2138,2080,478,176,595,19,115,862,565,272,47,6,1454,1676,0,0,687,61,12.1,7.4,28.6,0.6,2.9,21.3,14,6.8,2.3,0.2,36,78.4,0,0,33,1.5,0.3854,0.6049,0.6059,0.122,0.5415,2.2597,0.4729,0.8634,0.3756,0.278,0.3695,0.2976,2.1841,0.3498,0.2439,0.2439,0.2439,0.8325,0,0,0.4729,0.5756,1.881,0.4384,6.5687,0.4138,0,0,0,0,0,0,0,0,0,0,0,0,0,0,0,0,0,0,0,0,0,"10+ minutes","6-10 minutes"
"24",11001001303,0.4,0.31,"Census Tract 13.03; District of Columbia; District of Columbia",0.343469003,3580,2329,2279,579,82,554,68,47,770,155,399,39,0,972,2033,0,55,708,0,16.2,3.3,24.3,2.3,1.3,21.5,4.3,11.2,1.7,0,27.2,87.3,0,2.4,31.1,0,0.5317,0.3317,0.4926,0.278,0.2537,1.8877,0.3547,0.8732,0.1366,0.6098,0.3153,0,1.9349,0.2808,0.1024,0.1024,0.1024,0.8818,0,0.4877,0.4433,0,1.8128,0.3842,5.7378,0.2759,0,0,0,0,0,0,0,0,0,0,0,0,0,0,0,0,0,0,0,0,0,"6-10 minutes","6-10 minutes"
"25",11001001304,0.34,0.11,"Census Tract 13.04; District of Columbia; District of Columbia",0.27303396,4172,3015,2796,269,124,653,32,49,658,168,405,20,0,1359,2655,0,54,710,4,6.4,3.9,23.4,0.8,1.2,15.8,4,9.7,0.7,0,32.6,88.1,0,1.9,25.4,0.1,0.1561,0.4,0.4778,0.1512,0.2341,1.4192,0.2118,0.7122,0.1317,0.4976,0.1921,0,1.5336,0.1921,0.2146,0.2146,0.2146,0.8916,0,0.4581,0.3202,0.2049,1.8748,0.4236,5.0422,0.1773,0,0,0,0,0,0,0,0,0,0,0,0,0,0,0,0,0,0,0,0,0,"6-10 minutes","0-5 minutes"
"26",11001001401,1.19,0.11,"Census Tract 14.01; District of Columbia; District of Columbia",0.304285056,3326,1393,1329,121,55,188,28,32,583,872,144,9,54,1303,554,0,54,260,6,3.6,2.9,14.1,1.2,1,17.5,26.2,4.3,0.7,1.8,39.2,39.8,0,4.1,19.6,0.2,0.0488,0.2927,0.2266,0.1854,0.1902,0.9437,0.1084,0.7659,0.8195,0.0976,0.1921,0.6927,2.5678,0.4975,0.2976,0.2976,0.2976,0.4631,0,0.7094,0.202,0.2439,1.6184,0.3054,5.4275,0.2217,0,0,0,0,0,0,0,0,0,0,0,0,0,0,0,0,0,0,0,0,0,"10+ minutes","0-5 minutes"
"27",11001001402,1.39,0.1,"Census Tract 14.02; District of Columbia; District of Columbia",0.345641985,3472,1677,1573,194,25,179,86,2,988,888,343,104,33,1455,759,0,0,301,48,5.7,1.4,11.4,3.5,0.1,28.5,25.6,10.1,6.6,1,41.9,45.2,0,0,19.1,1.4,0.1317,0.1317,0.1182,0.3902,0.0732,0.845,0.0837,0.961,0.8,0.522,0.6355,0.5512,3.4697,0.8966,0.3171,0.3171,0.3171,0.5567,0,0,0.1872,0.5512,1.2951,0.1724,5.9269,0.3005,0,0,0,0,0,0,1,0,0,0,0,1,0,0,0,0,0,0,0,0,1,"10+ minutes","0-5 minutes"
"28",11001001500,2.05,0.15,"Census Tract 15; District of Columbia; District of Columbia",1.808777445,5804,2142,2005,72,47,82,314,53,1396,1592,264,27,0,1853,92,0,0,58,188,1.3,1.6,4.1,7.9,0.9,24.1,27.4,4.7,1.3,0,31.9,4.3,0,0,2.9,3.2,0.0049,0.1561,0.0099,0.6439,0.1805,0.9953,0.1182,0.9268,0.839,0.1073,0.2562,0,2.1293,0.3251,0.2,0.2,0.2,0.0542,0,0,0.0345,0.7561,0.8448,0.0542,4.1694,0.1133,0,0,0,0,0,0,1,0,0,0,0,1,0,0,0,0,0,0,0,0,1,"10+ minutes","0-5 minutes"
"29",11001001600,1.47,0.17,"Census Tract 16; District of Columbia; District of Columbia",1.029961834,4477,1781,1645,251,63,202,140,38,1092,1107,468,69,32,3488,0,0,13,50,64,5.7,2.6,12.3,4.5,0.8,24.4,24.7,10.5,4.2,0.8,77.9,0,0,0.8,3,1.4,0.1317,0.2683,0.1527,0.439,0.1561,1.1478,0.1626,0.9366,0.7463,0.5561,0.532,0.4683,3.2393,0.7882,0.6585,0.6585,0.6585,0,0,0.2512,0.0394,0.5512,0.8418,0.0493,5.8874,0.2857,0,0,0,0,0,0,1,0,0,0,0,1,0,0,0,0,0,0,0,0,1,"10+ minutes","0-5 minutes"
"30",11001001702,0.59,0.12,"Census Tract 17.02; District of Columbia; District of Columbia",0.362663678,3285,1821,1646,184,165,405,114,81,465,590,222,29,15,1970,935,0,61,325,48,5.6,7.7,24.6,4.6,2.5,14.2,18,6.8,1.8,0.5,60,51.4,0,3.8,19.7,1.5,0.1268,0.6293,0.5123,0.4488,0.4634,2.1806,0.4483,0.6683,0.5268,0.278,0.33,0.4,2.2031,0.3645,0.5122,0.5122,0.5122,0.5961,0,0.6749,0.2069,0.5756,2.0535,0.5517,6.9494,0.4483,0,0,0,0,0,0,0,0,0,0,0,0,0,0,0,0,0,0,0,0,0,"10+ minutes","0-5 minutes"
"31",11001001803,1.37,0.07,"Census Tract 18.03; District of Columbia; District of Columbia",0.438723455,4218,1829,1681,832,184,532,462,561,524,1131,594,194,708,3785,1368,0,241,679,3,19.7,8.4,31.6,16.5,13.3,12.4,26.8,14.1,11.5,17.7,89.7,74.8,0,14.4,40.4,0.1,0.6,0.6439,0.6946,0.9073,0.9902,3.836,0.8276,0.5659,0.8341,0.761,0.8128,0.9951,3.9689,0.9852,0.7171,0.7171,0.7171,0.803,0,0.9803,0.6256,0.2049,2.6138,0.803,11.1358,0.9557,0,0,0,1,1,2,0,0,0,0,1,1,0,0,0,0,1,0,0,1,4,"10+ minutes","0-5 minutes"
"32",11001001804,1.18,0.11,"Census Tract 18.04; District of Columbia; District of Columbia",0.232338809,5166,2293,2088,1633,330,1088,520,249,654,1609,736,261,754,4947,1243,0,228,596,34,31.6,11.5,52.1,15,4.8,12.7,31.1,14.2,12.5,15.4,95.8,54.2,0,10.9,28.5,0.7,0.761,0.761,0.931,0.8585,0.7756,4.0871,0.8966,0.5854,0.9024,0.7707,0.8227,0.9902,4.0714,0.9951,0.8146,0.8146,0.8146,0.6305,0,0.9113,0.3842,0.4049,2.3309,0.6995,11.304,0.9655,0,0,1,0,0,1,0,1,0,0,1,2,0,0,0,0,1,0,0,1,4,"10+ minutes","0-5 minutes"
"33",11001001901,1.03,0.15,"Census Tract 19.01; District of Columbia; District of Columbia",0.297029813,4628,1801,1654,1096,163,502,221,102,766,1379,270,113,215,3808,84,34,32,273,20,23.7,6.6,30.4,7.6,2.2,16.6,29.8,5.8,6.8,5,82.3,4.7,1.9,2,16.5,0.4,0.6683,0.561,0.6601,0.6244,0.4341,2.9479,0.6355,0.7463,0.8683,0.1707,0.6502,0.8683,3.3038,0.8079,0.678,0.678,0.678,0.064,0.9704,0.468,0.1626,0.3122,1.9772,0.5172,8.9069,0.6897,0,0,0,0,0,0,0,0,0,0,0,0,0,0,0,1,0,0,0,1,1,"10+ minutes","0-5 minutes"
"34",11001001902,1.13,0.18,"Census Tract 19.02; District of Columbia; District of Columbia",0.338745045,2273,906,852,303,88,137,79,53,342,516,210,70,55,1729,70,0,3,108,17,13.4,7.4,16.1,5,2.3,15,22.7,9.2,8.2,2.6,76.1,7.7,0,0.4,12.7,0.7,0.4439,0.6049,0.2857,0.4732,0.4488,2.2565,0.468,0.6878,0.6878,0.439,0.6897,0.7805,3.2848,0.803,0.6341,0.6341,0.6341,0.1084,0,0.1823,0.0788,0.4049,0.7744,0.0443,6.9498,0.4532,0,0,0,0,0,0,0,0,0,0,0,0,0,0,0,0,0,0,0,0,0,"10+ minutes","0-5 minutes"
"35",11001002001,1.86,0.08,"Census Tract 20.01; District of Columbia; District of Columbia",0.244296002,3440,1237,1170,1406,41,532,908,135,273,1054,654,78,599,3180,826,0,390,381,110,40.9,2.4,45.5,40.4,3.9,7.9,30.6,19,6.6,19.3,92.4,66.8,0,33.4,32.6,3.2,0.8634,0.2341,0.8916,1,0.6878,3.6769,0.7783,0.2683,0.8878,0.8878,0.6355,1,3.6794,0.9557,0.761,0.761,0.761,0.7291,0,1,0.468,0.7561,2.9532,0.8916,11.0705,0.9458,0,0,0,1,0,1,0,0,0,0,1,1,0,0,0,0,1,0,0,1,3,"10+ minutes","0-5 minutes"
"36",11001002002,1.46,0.1,"Census Tract 20.02; District of Columbia; District of Columbia",0.327945772,4392,1645,1527,531,138,203,83,51,496,1012,315,118,151,3033,249,0,12,204,86,12.4,5.3,13.3,2.8,1.2,11.3,23,7.2,7.7,3.7,69.1,15.1,0,0.8,13.4,2,0.4049,0.5024,0.1823,0.3122,0.2341,1.6359,0.2709,0.5171,0.7024,0.3171,0.6749,0.8341,3.0456,0.6946,0.5659,0.5659,0.5659,0.1823,0,0.2512,0.0985,0.6488,1.1808,0.1429,6.4282,0.3744,0,0,0,0,0,0,0,0,0,0,0,0,0,0,0,0,0,0,0,0,0,"10+ minutes","0-5 minutes"
"37",11001002101,1.46,0.12,"Census Tract 21.01; District of Columbia; District of Columbia",0.232044213,6019,2556,2458,839,27,723,442,340,629,1818,568,315,310,5345,1092,0,174,694,12,13.9,0.8,29.4,11.5,5.6,10.5,30.2,9.4,12.8,5.7,88.8,42.7,0,7.1,28.2,0.2,0.4537,0.0537,0.6256,0.7561,0.8341,2.7232,0.5862,0.4439,0.878,0.4732,0.8325,0.8927,3.5203,0.9064,0.7122,0.7122,0.7122,0.532,0,0.8424,0.3793,0.2439,1.9976,0.5271,8.9533,0.6995,0,0,0,0,0,0,0,0,0,0,0,0,0,0,0,0,0,0,0,0,0,"10+ minutes","0-5 minutes"
"38",11001002102,0.94,0.1,"Census Tract 21.02; District of Columbia; District of Columbia",0.280300399,4768,2537,2254,1042,239,577,206,265,651,894,545,75,151,4154,709,0,75,488,55,22,8.5,25.6,5.6,5.6,13.7,18.8,11.5,3.3,3.4,87.1,27.9,0,3.3,21.7,1.2,0.639,0.6488,0.532,0.5073,0.8341,3.1612,0.6601,0.6439,0.5561,0.6244,0.4729,0.8244,3.1217,0.7438,0.6927,0.6927,0.6927,0.3399,0,0.6158,0.2315,0.522,1.7092,0.3399,8.6848,0.6601,0,0,0,0,0,0,0,0,0,0,0,0,0,0,0,0,0,0,0,0,0,"10+ minutes","0-5 minutes"
"39",11001002201,1.06,0.11,"Census Tract 22.01; District of Columbia; District of Columbia",0.160299126,3465,1096,1022,334,171,93,332,126,427,862,310,9,146,2455,65,0,36,136,15,10.1,9.5,9.1,14.4,3.6,12.3,24.9,9,0.9,4.5,70.9,5.9,0,3.5,13.3,0.4,0.3073,0.6829,0.0837,0.839,0.6439,2.5568,0.5419,0.5512,0.7707,0.4244,0.2069,0.8585,2.8117,0.5764,0.6,0.6,0.6,0.0887,0,0.6355,0.0887,0.3122,1.1251,0.1232,7.0936,0.4877,0,0,0,0,0,0,0,0,0,0,0,0,0,0,0,0,0,0,0,0,0,"10+ minutes","0-5 minutes"
"40",11001002202,0.95,0.11,"Census Tract 22.02; District of Columbia; District of Columbia",0.269844757,3232,1471,1273,667,140,478,228,147,340,855,425,125,165,2364,220,0,107,278,20,20.6,8.1,37.5,11.8,4.5,10.5,26.5,13.1,9.8,5.9,73.1,14.9,0,8.4,21.8,0.6,0.6341,0.639,0.7931,0.7756,0.7561,3.5979,0.7734,0.4439,0.8244,0.6976,0.7537,0.8976,3.6172,0.9409,0.6146,0.6146,0.6146,0.1773,0,0.867,0.2365,0.3756,1.6564,0.3251,9.4861,0.7537,0,0,0,0,0,0,0,0,0,0,0,0,0,0,0,0,0,0,0,0,0,"10+ minutes","0-5 minutes"
"41",11001002301,0.68,0.08,"Census Tract 23.01; District of Columbia; District of Columbia",0.157405677,3233,1366,1246,511,220,269,159,68,350,731,200,85,95,2499,156,0,43,140,14,15.8,10.7,21.6,7.1,2.1,10.8,22.6,6.2,6.8,3.2,77.3,11.4,0,3.4,11.2,0.4,0.5171,0.7366,0.4384,0.5707,0.4098,2.6726,0.5567,0.4878,0.678,0.2,0.6502,0.8146,2.8306,0.5911,0.6537,0.6537,0.6537,0.1379,0,0.6207,0.064,0.3122,1.1348,0.1281,7.2917,0.5123,0,0,0,0,0,0,0,0,0,0,0,0,0,0,0,0,0,0,0,0,0,"10+ minutes","0-5 minutes"
"42",11001002400,0.41,0.07,"Census Tract 24; District of Columbia; District of Columbia",0.214830242,3857,1613,1504,410,107,279,434,208,457,578,290,110,372,2678,313,0,121,247,83,10.7,4.5,18.6,13.7,5.4,11.8,15,7.6,7.4,10.2,69.4,19.4,0,8.1,16.4,2.2,0.3366,0.439,0.3645,0.8146,0.8146,2.7693,0.6158,0.5366,0.4098,0.3415,0.67,0.9659,2.9238,0.6355,0.5756,0.5756,0.5756,0.2315,0,0.8621,0.1576,0.6878,1.939,0.468,8.2077,0.6207,0,0,0,0,0,0,0,0,0,0,1,1,0,0,0,0,0,0,0,0,1,"6-10 minutes","0-5 minutes"
"43",11001002501,0.97,0.09,"Census Tract 25.01; District of Columbia; District of Columbia",0.209830993,2981,1096,1046,152,101,78,74,1,334,765,178,32,124,1902,364,0,187,105,59,5.1,6.5,7.5,3.4,0,11.2,25.7,6,3.1,4.6,63.8,33.2,0,17.9,10,2,0.1122,0.5512,0.0591,0.3805,0,1.103,0.1478,0.5073,0.8098,0.1854,0.4581,0.8634,2.824,0.5862,0.5268,0.5268,0.5268,0.399,0,0.9901,0.0493,0.6488,2.0872,0.5764,6.541,0.4039,0,0,0,0,0,0,0,0,0,0,0,0,0,0,0,0,1,0,0,1,1,"10+ minutes","0-5 minutes"
"44",11001002503,0.31,0.18,"Census Tract 25.03; District of Columbia; District of Columbia",0.112782325,2743,1798,1565,179,537,585,137,138,201,225,296,54,57,1881,1176,0,37,713,62,6.5,24.6,37.4,5.7,5,7.3,8.2,10.8,3.5,2.2,68.6,65.4,0,2.4,45.6,2.3,0.1659,0.9463,0.7833,0.5171,0.7902,3.2028,0.6798,0.2488,0.1951,0.5805,0.4975,0.7463,2.2682,0.3892,0.561,0.561,0.561,0.6995,0,0.4877,0.7241,0.7024,2.6137,0.798,8.6457,0.6453,0,1,0,0,0,1,0,0,0,0,0,0,0,0,0,0,0,0,0,0,1,"6-10 minutes","0-5 minutes"
"45",11001002504,0.64,0.1,"Census Tract 25.04; District of Columbia; District of Columbia",0.120356102,3128,1440,1427,583,70,427,194,66,300,553,495,97,262,2216,880,0,65,292,17,18.7,3.5,29.9,8.1,2.1,9.6,17.7,15.9,6.8,8.7,70.8,61.1,0,4.6,20.5,0.5,0.5805,0.3512,0.6404,0.6634,0.4098,2.6453,0.5517,0.3805,0.5073,0.8341,0.6502,0.9463,3.3184,0.8227,0.5902,0.5902,0.5902,0.6749,0,0.7488,0.2118,0.3415,1.977,0.5123,8.5309,0.6404,0,0,0,0,0,0,0,0,0,0,1,1,0,0,0,0,0,0,0,0,1,"10+ minutes","0-5 minutes"
"46",11001002600,1.25,0.29,"Census Tract 26; District of Columbia; District of Columbia",0.813188727,2630,936,900,130,32,84,76,75,566,597,343,3,172,1721,167,0,27,108,5,5,2.3,9.3,3.9,2.9,21.5,22.7,13,0.3,7.2,65.4,17.8,0,3,12,0.2,0.1073,0.2293,0.0887,0.4195,0.5415,1.3863,0.202,0.8732,0.6878,0.6927,0.1823,0.922,3.358,0.8374,0.5463,0.5463,0.5463,0.2167,0,0.5517,0.0739,0.2439,1.0862,0.1133,6.3768,0.3596,0,0,0,0,0,0,0,0,0,0,1,1,0,0,0,0,0,0,0,0,1,"10+ minutes","6-10 minutes"
"47",11001002702,0.62,0.08,"Census Tract 27.02; District of Columbia; District of Columbia",0.184951352,5568,2517,2294,443,241,493,424,138,535,1040,421,110,119,2544,1057,0,219,580,34,8.1,6.5,21.5,10,2.5,9.6,18.7,7.6,4.8,2.3,45.7,42,0,9.5,25.3,0.6,0.2293,0.5512,0.4286,0.7122,0.4634,2.3847,0.5074,0.3805,0.5512,0.3415,0.5714,0.7561,2.6007,0.5123,0.3561,0.3561,0.3561,0.5123,0,0.8966,0.3153,0.3756,2.0998,0.5961,7.4413,0.5369,0,0,0,0,0,0,0,0,0,0,0,0,0,0,0,0,0,0,0,0,0,"10+ minutes","0-5 minutes"
"48",11001002703,0.72,0.09,"Census Tract 27.03; District of Columbia; District of Columbia",0.063267832,2430,1313,1250,144,44,233,278,58,309,325,235,16,156,1239,903,0,21,620,119,6.2,2.7,18.6,13.7,2.5,12.7,13.4,10.2,1.3,7,51,68.8,0,1.7,49.6,4.9,0.1463,0.278,0.3645,0.8146,0.4634,2.0668,0.4138,0.5854,0.3561,0.5317,0.2562,0.9171,2.6465,0.5419,0.4341,0.4341,0.4341,0.7488,0,0.4483,0.7833,0.839,2.8194,0.867,7.9668,0.5862,0,0,0,0,0,0,0,0,0,0,1,1,0,0,0,0,0,0,0,0,1,"10+ minutes","0-5 minutes"
"49",11001002704,0.88,0.15,"Census Tract 27.04; District of Columbia; District of Columbia",0.114030979,3215,1996,1674,326,29,630,362,153,184,414,124,23,243,2063,1460,0,198,915,0,10.1,1.2,37.6,15.3,4.8,5.7,12.9,3.9,1.4,7.8,64.2,73.1,0,11.8,54.7,0,0.3073,0.0927,0.798,0.8732,0.7756,2.8468,0.6305,0.161,0.3415,0.0732,0.2808,0.9317,1.7882,0.266,0.5366,0.5366,0.5366,0.7882,0,0.9261,0.8768,0,2.5911,0.7931,7.7627,0.5567,0,0,0,0,0,0,0,0,0,0,1,1,0,0,0,0,1,0,0,1,2,"10+ minutes","0-5 minutes"
"50",11001002801,0.69,0.08,"Census Tract 28.01; District of Columbia; District of Columbia",0.066374795,3818,1857,1781,734,41,567,324,443,169,898,199,91,251,2741,1413,0,218,803,50,19.2,1.7,31.8,12.1,11.6,4.4,23.5,5.2,5.1,7.3,71.8,76.1,0,12.3,45.1,1.3,0.5902,0.1707,0.7094,0.7854,0.9805,3.2362,0.6897,0.1024,0.7122,0.1268,0.5961,0.9268,2.4643,0.4581,0.6098,0.6098,0.6098,0.8079,0,0.9409,0.7044,0.5317,2.9849,0.9015,9.2952,0.734,0,0,0,0,1,1,0,0,0,0,1,1,0,0,0,0,1,0,0,1,3,"10+ minutes","0-5 minutes"
"51",11001002802,0.34,0.09,"Census Tract 28.02; District of Columbia; District of Columbia",0.088686085,5415,2815,2777,1984,330,780,677,924,497,1229,791,249,489,4053,2349,0,338,1765,131,36.7,10.4,28.1,17.2,17.2,9.2,22.7,14.7,9,10,74.8,83.4,0,12.2,63.6,2.4,0.8098,0.7268,0.5911,0.922,1,4.0497,0.8818,0.3561,0.6878,0.7854,0.734,0.961,3.5243,0.9113,0.6195,0.6195,0.6195,0.8571,0,0.936,0.9754,0.7122,3.4807,0.9606,11.6742,0.9901,0,0,0,1,1,2,0,0,0,0,1,1,0,0,0,0,1,1,0,2,5,"6-10 minutes","0-5 minutes"
"52",11001002900,0.47,0.11,"Census Tract 29; District of Columbia; District of Columbia",0.116074616,4576,1878,1672,747,101,241,283,182,398,1078,413,98,532,2690,459,0,86,461,15,16.5,3.5,14.4,8.7,4,8.7,23.6,9.1,5.9,12.9,58.8,24.4,0,5.2,27.6,0.3,0.5463,0.3512,0.2414,0.6732,0.7024,2.5145,0.532,0.3268,0.722,0.4293,0.6158,0.9854,3.0793,0.7094,0.4829,0.4829,0.4829,0.2857,0,0.798,0.3596,0.2829,1.7262,0.3547,7.8029,0.5764,0,0,0,0,0,0,0,0,0,0,1,1,0,0,0,0,0,0,0,0,1,"10+ minutes","0-5 minutes"
"53",11001003000,0.26,0.07,"Census Tract 30; District of Columbia; District of Columbia",0.081326981,3878,1786,1656,940,216,388,318,273,236,689,387,144,411,2681,729,0,188,750,45,24.3,8.6,23.4,11.4,7.1,6.1,17.8,10,8.7,11.3,69.1,40.8,0,11.4,45.3,1.2,0.6829,0.6585,0.4778,0.7512,0.9024,3.4728,0.7389,0.1902,0.522,0.5171,0.7192,0.9756,2.9241,0.6404,0.5659,0.5659,0.5659,0.4877,0,0.9212,0.7094,0.522,2.6403,0.8128,9.6031,0.7685,0,0,0,0,1,1,0,0,0,0,1,1,0,0,0,0,1,0,0,1,3,"6-10 minutes","0-5 minutes"
"54",11001003100,0.48,0.07,"Census Tract 31; District of Columbia; District of Columbia",0.11460241,3451,1902,1807,216,181,282,164,53,152,447,261,85,103,1814,800,0,69,806,3,6.3,6.8,15.6,6,1.5,4.4,13,7.6,4.7,3.2,52.6,42.1,0,3.8,44.6,0.1,0.1512,0.5854,0.2709,0.5317,0.3073,1.8465,0.33,0.1024,0.3512,0.3415,0.5665,0.8146,2.1762,0.3399,0.4488,0.4488,0.4488,0.5222,0,0.6749,0.6946,0.2049,2.0966,0.5911,6.5681,0.4089,0,0,0,0,0,0,0,0,0,0,0,0,0,0,0,0,0,0,0,0,0,"10+ minutes","0-5 minutes"
"55",11001003200,0.51,0.11,"Census Tract 32; District of Columbia; District of Columbia",0.172946283,4136,1979,1620,928,348,377,357,157,383,1029,420,135,117,2615,367,0,26,577,34,22.6,13.6,23.3,12.6,3.8,9.3,24.9,10.2,8.3,3.1,63.2,18.5,0,1.6,35.6,0.8,0.6488,0.8049,0.468,0.8,0.6683,3.39,0.7192,0.3659,0.7707,0.5317,0.6995,0.8098,3.1776,0.7635,0.522,0.522,0.522,0.2217,0,0.4236,0.5517,0.4488,1.6458,0.3153,8.7354,0.6749,0,0,0,0,0,0,0,0,0,0,0,0,0,0,0,0,0,0,0,0,0,"10+ minutes","0-5 minutes"
"56",11001003301,0.84,0.11,"Census Tract 33.01; District of Columbia; District of Columbia",0.170703416,3706,1904,1815,294,30,37,52,32,249,374,107,35,44,1865,222,0,0,328,28,7.9,1,2,1.6,0.9,6.7,10.1,2.9,1.9,1.2,50.3,11.6,0,0,18.1,0.8,0.2244,0.078,0.0049,0.2293,0.1805,0.7171,0.064,0.2244,0.2537,0.039,0.3547,0.6195,1.4913,0.1626,0.4098,0.4098,0.4098,0.1429,0,0,0.1823,0.4488,0.774,0.0394,3.3922,0.0296,0,0,0,0,0,0,0,0,0,0,0,0,0,0,0,0,0,0,0,0,0,"10+ minutes","0-5 minutes"
"57",11001003302,0.72,0.08,"Census Tract 33.02; District of Columbia; District of Columbia",0.078856314,2373,1015,968,276,83,124,116,49,155,394,127,47,43,1357,51,0,8,129,37,11.8,5.1,12.8,6.3,2.1,6.5,16.6,5.4,4.9,2,57.2,5,0,0.8,13.3,1.6,0.3756,0.4829,0.1675,0.5366,0.4098,1.9724,0.3793,0.2146,0.4537,0.1366,0.5764,0.7171,2.0984,0.3202,0.478,0.478,0.478,0.0739,0,0.2512,0.0887,0.6,1.0138,0.0936,5.5626,0.2611,0,0,0,0,0,0,0,0,0,0,0,0,0,0,0,0,0,0,0,0,0,"10+ minutes","0-5 minutes"
"58",11001003400,0.45,0.07,"Census Tract 34; District of Columbia; District of Columbia",0.351915757,3800,1349,1143,600,112,316,217,64,189,292,415,41,49,2717,428,0,0,534,1353,24.3,5.1,27.6,10.9,1.7,5,7.7,10.9,3.6,1.3,71.5,31.8,0,0,46.7,35.6,0.6829,0.4829,0.5665,0.7463,0.3317,2.8103,0.6256,0.122,0.1854,0.5951,0.5074,0.639,2.0489,0.3103,0.6049,0.6049,0.6049,0.3842,0,0,0.7438,0.9756,2.1036,0.6059,7.5677,0.5419,0,0,0,0,0,0,0,0,0,0,0,0,0,0,0,0,0,0,1,1,1,"10+ minutes","0-5 minutes"
"59",11001003500,0.55,0.09,"Census Tract 35; District of Columbia; District of Columbia",0.147499072,3955,2099,1708,366,196,487,81,156,153,153,315,74,43,2585,1399,0,51,722,1169,13,7.6,28.5,3.2,3.9,3.9,3.9,8,4.3,1.1,65.4,66.6,0,3,42.3,29.6,0.4244,0.6244,0.601,0.3561,0.6878,2.6937,0.5665,0.0585,0.1268,0.3805,0.5369,0.5854,1.6881,0.2266,0.5463,0.5463,0.5463,0.7241,0,0.5517,0.6502,0.9707,2.8967,0.8818,7.8248,0.5813,0,0,0,0,0,0,0,0,0,0,0,0,0,0,0,0,0,0,1,1,1,"10+ minutes","0-5 minutes"
"60",11001003600,0.39,0.1,"Census Tract 36; District of Columbia; District of Columbia",0.117998949,4630,2397,2152,658,87,377,287,128,393,472,465,70,52,2195,1395,0,9,910,210,14.2,2.5,17.5,7.5,2.8,8.5,10.2,10.1,3.3,1.1,47.4,58.2,0,0.4,42.3,4.5,0.4634,0.2537,0.335,0.6195,0.5122,2.1838,0.4532,0.3171,0.2634,0.522,0.4729,0.5854,2.1608,0.335,0.3805,0.3805,0.3805,0.6502,0,0.1823,0.6502,0.8293,2.312,0.6847,7.0371,0.4778,0,0,0,0,0,0,0,0,0,0,0,0,0,0,0,0,0,0,0,0,0,"6-10 minutes","0-5 minutes"
"61",11001003701,0.5,0.12,"Census Tract 37.01; District of Columbia; District of Columbia",0.06673387,2143,1366,1296,192,1,363,140,60,129,223,170,19,108,1131,1214,0,20,397,0,9,0.1,28,7.7,2.8,6,10.4,7.9,1.5,5.2,52.8,88.8,0,1.6,30.6,0,0.2683,0.0244,0.5862,0.6293,0.5122,2.0204,0.4039,0.1854,0.2732,0.3707,0.3005,0.878,2.0078,0.2956,0.4537,0.4537,0.4537,0.8966,0,0.4236,0.4335,0,1.7537,0.3596,6.2356,0.3399,0,0,0,0,0,0,0,0,0,0,0,0,0,0,0,0,0,0,0,0,0,"10+ minutes","0-5 minutes"
"62",11001003702,0.3,0.11,"Census Tract 37.02; District of Columbia; District of Columbia",0.046151544,2953,1637,1478,1466,259,636,114,58,98,662,312,123,22,1915,1288,0,194,679,128,49.6,14,43,5.3,2,3.3,22.4,10.6,8.3,0.8,64.8,78.6,0,13.1,45.9,4.3,0.9463,0.8098,0.8621,0.4878,0.3951,3.5011,0.7438,0.0488,0.6585,0.5707,0.6995,0.4683,2.4458,0.4532,0.5415,0.5415,0.5415,0.8374,0,0.9704,0.7291,0.8244,3.3613,0.9507,9.8497,0.7931,1,0,0,0,0,1,0,0,0,0,0,0,0,0,0,0,1,0,0,1,2,"6-10 minutes","0-5 minutes"
"63",11001003801,0.79,0.15,"Census Tract 38.01; District of Columbia; District of Columbia",0.057501399,1495,1055,990,86,17,243,0,0,173,104,66,0,0,418,695,0,16,299,0,5.8,1.3,24.5,0,0,11.6,7,4.4,0,0,28,65.9,0,1.6,30.2,0,0.1415,0.1073,0.5025,0,0,0.7513,0.0739,0.522,0.1659,0.1024,0,0,0.7903,0.0591,0.1268,0.1268,0.1268,0.7094,0,0.4236,0.4138,0,1.5468,0.2512,3.2152,0.0148,0,0,0,0,0,0,0,0,0,0,0,0,0,0,0,0,0,0,0,0,0,"10+ minutes","0-5 minutes"
"64",11001003802,0.67,0.09,"Census Tract 38.02; District of Columbia; District of Columbia",0.079994929,3372,2162,2029,364,66,301,109,121,183,246,227,0,19,1798,1557,0,55,1094,59,10.8,2.5,14.8,3.7,3.6,5.4,7.3,6.7,0,0.6,53.3,72,0,2.7,53.9,1.7,0.3415,0.2537,0.2463,0.3951,0.6439,1.8805,0.3498,0.1512,0.1805,0.2585,0,0.4244,1.0146,0.0739,0.4585,0.4585,0.4585,0.7685,0,0.5271,0.8522,0.6049,2.7527,0.8374,6.1063,0.33,0,0,0,0,0,0,0,0,0,0,0,0,0,0,0,0,0,0,0,0,0,"10+ minutes","0-5 minutes"
"65",11001003901,0.58,0.08,"Census Tract 39.01; District of Columbia; District of Columbia",0.046608303,2642,1981,1743,119,2,287,10,73,167,243,236,0,24,1230,1790,0,16,821,26,4.5,0.1,16.5,0.5,2.8,6.3,9.2,8.9,0,1,46.6,90.4,0,0.9,47.1,1,0.0878,0.0244,0.3005,0.1122,0.5122,1.0371,0.1232,0.2049,0.2146,0.4146,0,0.5512,1.3853,0.1232,0.3707,0.3707,0.3707,0.9064,0,0.3054,0.7488,0.4927,2.4533,0.7635,5.2464,0.1872,0,0,0,0,0,0,0,0,0,0,0,0,0,0,1,0,0,0,0,1,1,"10+ minutes","0-5 minutes"
"66",11001003902,0.62,0.14,"Census Tract 39.02; District of Columbia; District of Columbia",0.102901202,1811,1303,953,82,13,43,47,12,151,394,41,108,18,878,952,0,0,367,0,4.5,1,4.5,3.7,0.7,8.3,21.8,2.3,11.3,1,48.5,73,0,0,38.5,0,0.0878,0.078,0.0148,0.3951,0.1415,0.7172,0.069,0.3024,0.639,0.0195,0.7931,0.5512,2.3052,0.399,0.3902,0.3902,0.3902,0.7833,0,0,0.5961,0,1.3794,0.1921,4.792,0.1429,0,0,0,0,0,0,0,0,0,0,0,0,0,0,0,0,0,0,0,0,0,"10+ minutes","0-5 minutes"
"67",11001004001,0.57,0.1,"Census Tract 40.01; District of Columbia; District of Columbia",0.104647928,4250,2498,2439,208,26,376,15,0,445,423,292,30,15,1292,1464,0,32,842,0,4.9,0.8,15.4,0.4,0,10.5,10,6.9,1.2,0.4,30.4,58.6,0,1.3,34.5,0,0.1024,0.0537,0.266,0.0976,0,0.5197,0.0197,0.4439,0.2488,0.2878,0.2365,0.3512,1.5682,0.2069,0.161,0.161,0.161,0.6601,0,0.3744,0.5271,0,1.5616,0.2709,3.8105,0.0788,0,0,0,0,0,0,0,0,0,0,0,0,0,0,0,0,0,0,0,0,0,"10+ minutes","0-5 minutes"
"68",11001004002,0.75,0.09,"Census Tract 40.02; District of Columbia; District of Columbia",0.075195295,3146,2326,2016,169,103,271,78,105,443,341,159,28,0,944,1772,0,50,993,0,5.4,4.1,13.4,3,3.3,14.1,10.8,5.1,1.4,0,30,76.2,0,2.5,49.3,0,0.122,0.4146,0.1921,0.3415,0.6098,1.68,0.2808,0.6634,0.2878,0.122,0.2808,0,1.354,0.1133,0.1512,0.1512,0.1512,0.8128,0,0.4975,0.7783,0,2.0886,0.5813,5.2738,0.197,0,0,0,0,0,0,0,0,0,0,0,0,0,0,0,0,0,0,0,0,0,"10+ minutes","0-5 minutes"
"69",11001004100,0.67,0.12,"Census Tract 41; District of Columbia; District of Columbia",0.304519034,2462,1587,1410,389,26,255,35,70,552,336,74,0,110,929,968,0,55,469,13,15.8,1.8,18.1,1.7,2.8,22.4,13.6,3,0,5,37.7,61,0,3.9,33.3,0.5,0.5171,0.1854,0.3399,0.2341,0.5122,1.7887,0.3153,0.8976,0.3659,0.0488,0,0.8683,2.1806,0.3448,0.2634,0.2634,0.2634,0.67,0,0.6847,0.4926,0.3415,2.1888,0.6404,6.4215,0.3645,0,0,0,0,0,0,0,0,0,0,0,0,0,0,0,0,0,0,0,0,0,"10+ minutes","0-5 minutes"
"70",11001004201,0.65,0.1,"Census Tract 42.01; District of Columbia; District of Columbia",0.078969056,3273,2293,1881,293,39,178,159,34,97,13,107,0,26,765,988,0,51,973,0,9,1.3,9.5,5.6,1,3,0.4,3.3,0,0.8,23.4,43.1,0,2.7,51.7,0,0.2683,0.1073,0.0936,0.5073,0.1902,1.1667,0.1724,0.0439,0.0293,0.0537,0,0.4683,0.5952,0.0345,0.039,0.039,0.039,0.5369,0,0.5271,0.8128,0,1.8768,0.4286,3.6777,0.0591,0,0,0,0,0,0,0,0,0,0,0,0,0,0,0,0,0,0,0,0,0,"10+ minutes","0-5 minutes"
"71",11001004202,0.38,0.17,"Census Tract 42.02; District of Columbia; District of Columbia",0.080172536,2486,1627,1563,408,65,287,15,79,294,42,177,0,22,953,970,0,22,950,72,16.7,3.4,18.4,0.7,3.2,11.8,1.7,7.1,0,0.9,38.3,59.6,0,1.4,60.8,2.9,0.5561,0.3415,0.3596,0.1415,0.5854,1.9841,0.3842,0.5366,0.0829,0.3024,0,0.5317,1.4536,0.1527,0.2829,0.2829,0.2829,0.665,0,0.3892,0.9458,0.7366,2.7366,0.8325,6.4572,0.3842,0,0,0,0,0,0,0,0,0,0,0,0,0,0,0,0,0,1,0,1,1,"6-10 minutes","0-5 minutes"
"72",11001004300,0.5,0.09,"Census Tract 43; District of Columbia; District of Columbia",0.091388027,4173,2699,2461,376,40,282,119,128,330,378,354,0,153,1872,1823,0,95,1516,0,9,1.3,11.5,3.3,3.1,7.9,9.1,8.5,0,3.9,44.9,67.6,0,3.9,61.6,0,0.2683,0.1073,0.1281,0.3756,0.5756,1.4549,0.2217,0.2683,0.2098,0.4049,0,0.8439,1.7269,0.2414,0.3463,0.3463,0.3463,0.7389,0,0.6847,0.9507,0,2.3743,0.7291,5.9024,0.2956,0,0,0,0,0,0,0,0,0,0,0,0,0,0,0,0,0,1,0,1,1,"10+ minutes","0-5 minutes"
"73",11001004401,0.22,0.12,"Census Tract 44.01; District of Columbia; District of Columbia",0.095326653,3360,1923,1811,108,0,188,17,47,136,636,57,0,0,1483,1422,0,64,766,23,3.2,0,10.4,0.6,1.4,4,18.9,1.7,0,0,44.1,74,0,3.6,42.3,0.7,0.0293,0,0.1084,0.122,0.2878,0.5475,0.0246,0.0732,0.5659,0.0098,0,0,0.6489,0.0443,0.3366,0.3366,0.3366,0.7931,0,0.6601,0.6502,0.4049,2.5083,0.7783,4.0413,0.0887,0,0,0,0,0,0,0,0,0,0,0,0,0,0,0,0,0,0,0,0,0,"6-10 minutes","0-5 minutes"
"74",11001004402,0.2,0.09,"Census Tract 44.02; District of Columbia; District of Columbia",0.10607998,2464,1392,1109,216,152,84,39,42,263,245,343,37,19,1245,567,0,39,339,18,8.8,9,7.6,2,1.7,10.7,9.9,14.1,3.3,0.8,50.5,40.8,0,3.5,30.6,0.7,0.2488,0.6683,0.064,0.2585,0.3317,1.5713,0.2463,0.4732,0.2439,0.761,0.4729,0.4683,2.4193,0.4384,0.4195,0.4195,0.4195,0.4877,0,0.6355,0.4335,0.4049,1.9616,0.4926,6.3717,0.3547,0,0,0,0,0,0,0,0,0,0,0,0,0,0,0,0,0,0,0,0,0,"0-5 minutes","0-5 minutes"
"75",11001004600,0.55,0.11,"Census Tract 46; District of Columbia; District of Columbia",0.168889509,3153,1625,1563,306,42,313,136,150,348,490,462,164,9,1860,322,0,8,358,65,9.7,2,20,5.7,4.8,11,15.5,14.7,10.5,0.3,59,19.8,0,0.5,22.9,2.1,0.2976,0.2098,0.4089,0.5171,0.7756,2.209,0.4581,0.4976,0.4341,0.7854,0.7734,0.322,2.8125,0.5813,0.4976,0.4976,0.4976,0.2463,0,0.1921,0.2562,0.6732,1.3678,0.1872,6.8869,0.4384,0,0,0,0,0,0,0,0,0,0,0,0,0,0,0,0,0,0,0,0,0,"10+ minutes","0-5 minutes"
"76",11001004702,0.44,0.08,"Census Tract 47.02; District of Columbia; District of Columbia",0.126030643,3465,2438,2231,399,87,444,173,83,290,57,218,0,4,1347,2380,0,314,1223,294,12.2,3,19.9,5.4,2.5,8.4,1.6,6.7,0,0.1,38.9,97.6,0,14,54.8,8.5,0.3951,0.3073,0.399,0.4976,0.4634,2.0624,0.4089,0.3122,0.078,0.2585,0,0.278,0.9267,0.069,0.2927,0.2927,0.2927,0.9507,0,0.9754,0.8867,0.8976,3.7104,0.9951,6.9922,0.468,0,0,0,0,0,0,0,0,0,0,0,0,0,0,1,0,1,0,0,2,2,"10+ minutes","0-5 minutes"
"77",11001004703,0.48,0.09,"Census Tract 47.03; District of Columbia; District of Columbia",0.047924525,3069,2306,1944,1111,41,379,214,355,132,178,200,25,321,1751,2288,0,213,1140,0,36.2,1.9,19.5,8.7,11.6,4.3,5.8,6.5,1.3,10.5,57.1,99.2,0,10.9,58.6,0,0.8049,0.1951,0.3793,0.6732,0.9805,3.033,0.6502,0.0927,0.1512,0.2293,0.2562,0.9707,1.7001,0.2365,0.4732,0.4732,0.4732,0.9704,0,0.9113,0.9261,0,2.8078,0.8571,8.0141,0.5911,0,0,0,0,1,1,0,0,0,0,1,1,0,0,1,0,1,1,0,3,5,"10+ minutes","0-5 minutes"
"78",11001004704,0.59,0.09,"Census Tract 47.04; District of Columbia; District of Columbia",0.076644722,1226,825,745,825,235,480,90,0,165,202,179,99,43,1131,546,0,95,461,6,67.3,53.2,64.4,11.5,0,13.5,16.5,14.7,13.3,3.7,92.3,66.2,0,12.7,61.9,0.5,0.9854,1,0.9951,0.7561,0,3.7366,0.803,0.6195,0.4488,0.7854,0.8374,0.8341,3.5252,0.9163,0.7561,0.7561,0.7561,0.7143,0,0.9557,0.9557,0.3415,2.9672,0.8966,10.9851,0.936,1,1,1,0,0,3,0,0,0,0,0,0,0,0,0,0,1,1,0,2,5,"10+ minutes","0-5 minutes"
"79",11001004801,0.26,0.08,"Census Tract 48.01; District of Columbia; District of Columbia",0.122480049,2852,1548,1434,456,130,166,165,131,417,289,178,49,57,1450,542,0,49,438,101,16,6.7,11.6,6.8,4.7,14.6,10.1,6.3,3.4,2.2,50.8,35,0,3.4,30.5,3.5,0.5268,0.5756,0.1379,0.561,0.7659,2.5672,0.5468,0.6829,0.2537,0.2146,0.4926,0.7463,2.3901,0.4236,0.4293,0.4293,0.4293,0.4286,0,0.6207,0.4286,0.7854,2.2633,0.67,7.6499,0.5468,0,0,0,0,0,0,0,0,0,0,0,0,0,0,0,0,0,0,0,0,0,"6-10 minutes","0-5 minutes"
"80",11001004802,0.29,0.14,"Census Tract 48.02; District of Columbia; District of Columbia",0.111503555,3224,1843,1645,611,109,355,421,174,325,450,238,101,190,2278,1045,0,37,697,36,19,4.6,21.6,16.4,5.4,10.1,14,7.4,6.1,6,70.7,56.7,0,2.2,42.4,1.1,0.5854,0.4488,0.4384,0.9024,0.8146,3.1896,0.6749,0.4098,0.3756,0.3317,0.6256,0.9024,2.6451,0.5369,0.5854,0.5854,0.5854,0.6453,0,0.4778,0.67,0.5122,2.3053,0.6798,8.7254,0.67,0,0,0,1,0,1,0,0,0,0,1,1,0,0,0,0,0,0,0,0,2,"6-10 minutes","0-5 minutes"
"81",11001004901,0.28,0.08,"Census Tract 49.01; District of Columbia; District of Columbia",0.104968006,3251,2034,1877,777,20,548,124,26,439,226,508,81,27,1520,1459,0,47,653,65,23.9,0.9,29.2,4.6,0.8,13.5,7,15.7,4.4,0.8,46.8,71.7,0,2.5,34.8,2,0.6732,0.0732,0.6207,0.4488,0.1561,1.972,0.3744,0.6195,0.1659,0.8244,0.5468,0.4683,2.6249,0.532,0.3756,0.3756,0.3756,0.7635,0,0.4975,0.5369,0.6488,2.4467,0.7586,7.4192,0.532,0,0,0,0,0,0,0,0,0,0,0,0,0,0,0,0,0,0,0,0,0,"6-10 minutes","0-5 minutes"
"82",11001004902,0.26,0.09,"Census Tract 49.02; District of Columbia; District of Columbia",0.10188421,3355,2230,2167,522,90,438,33,105,141,290,97,58,17,1460,1657,0,0,1164,5,15.6,3.2,20.2,1.2,3.2,4.2,8.6,2.9,2.7,0.5,43.5,74.3,0,0,53.7,0.1,0.5073,0.3122,0.4138,0.1854,0.5854,2.0041,0.3892,0.0878,0.2,0.039,0.4187,0.4,1.1455,0.0985,0.3317,0.3317,0.3317,0.798,0,0,0.8424,0.2049,1.8453,0.3941,5.3266,0.202,0,0,0,0,0,0,0,0,0,0,0,0,0,0,0,0,0,0,0,0,0,"6-10 minutes","0-5 minutes"
"83",11001005001,0.49,0.08,"Census Tract 50.01; District of Columbia; District of Columbia",0.077594533,1936,1206,1108,80,13,53,47,11,130,120,103,0,0,513,531,0,1,604,49,4.1,0.8,4.8,2.7,0.6,6.7,6.2,5.3,0,0,26.5,44.1,0,0.1,54.5,2.5,0.0634,0.0537,0.0197,0.3024,0.1317,0.5709,0.0345,0.2244,0.1561,0.1317,0,0,0.5122,0.0197,0.0927,0.0927,0.0927,0.5419,0,0.1773,0.867,0.7171,2.3033,0.6749,3.4791,0.0394,0,0,0,0,0,0,0,0,0,0,0,0,0,0,0,0,0,0,0,0,0,"10+ minutes","0-5 minutes"
"84",11001005003,0.62,0.08,"Census Tract 50.03; District of Columbia; District of Columbia",0.036346098,1809,1234,1134,277,62,223,122,124,25,14,120,11,150,715,964,0,0,648,95,15.3,3.9,19.7,7.1,6.9,1.4,0.8,6.6,1,8.3,39.5,78.1,0,0,57.1,5.3,0.4976,0.4,0.3842,0.5707,0.8878,2.7403,0.601,0.0293,0.0439,0.239,0.2266,0.9415,1.4803,0.1576,0.3024,0.3024,0.3024,0.8276,0,0,0.9064,0.8439,2.5779,0.7882,7.1009,0.4975,0,0,0,0,0,0,0,0,0,0,1,1,0,0,0,0,0,1,0,1,2,"10+ minutes","0-5 minutes"
"85",11001005004,0.46,0.06,"Census Tract 50.04; District of Columbia; District of Columbia",0.055272818,3891,2431,2260,1224,90,777,533,31,493,450,403,0,141,2287,2045,0,115,1276,9,31.5,3.6,34.4,18.3,0.8,12.7,11.6,10.5,0,3.9,58.8,84.1,0,5.1,56.5,0.2,0.7561,0.3707,0.734,0.9415,0.1561,2.9584,0.6404,0.5854,0.3171,0.5561,0,0.8439,2.3025,0.3941,0.4829,0.4829,0.4829,0.8621,0,0.7833,0.8966,0.2439,2.7859,0.8473,8.5297,0.6355,0,0,0,1,0,1,0,0,0,0,0,0,0,0,0,0,0,0,0,0,1,"10+ minutes","0-5 minutes"
"86",11001005202,0.6,0.11,"Census Tract 52.02; District of Columbia; District of Columbia",0.095093834,2886,2215,2095,215,28,283,0,0,467,14,221,0,0,731,1398,0,16,1256,0,7.5,1.2,13.5,0,0,16.2,0.5,7.7,0,0,25.3,63.1,0,0.8,60,0,0.2098,0.0927,0.2069,0,0,0.5094,0.0148,0.7317,0.039,0.3561,0,0,1.1268,0.0936,0.0683,0.0683,0.0683,0.6946,0,0.2512,0.9409,0,1.8867,0.4433,3.5912,0.0542,0,0,0,0,0,0,0,0,0,0,0,0,0,0,0,0,0,1,0,1,1,"10+ minutes","0-5 minutes"
"87",11001005203,0.61,0.08,"Census Tract 52.03; District of Columbia; District of Columbia",0.036069263,3278,2666,2296,513,37,377,25,182,352,258,286,0,86,1457,2498,65,93,1555,0,15.6,1.5,16.4,0.9,5.6,10.7,7.9,8.8,0,2.7,44.4,93.7,2.4,4.1,67.7,0,0.5073,0.1366,0.2956,0.1561,0.8341,1.9297,0.3596,0.4732,0.1902,0.4098,0,0.7854,1.8586,0.2759,0.3415,0.3415,0.3415,0.9163,0.9852,0.7094,0.9901,0,3.601,0.9803,7.7308,0.5517,0,0,0,0,0,0,0,0,0,0,0,0,0,0,1,1,0,1,0,3,3,"10+ minutes","0-5 minutes"
"88",11001005302,0.42,0.14,"Census Tract 53.02; District of Columbia; District of Columbia",0.045419109,2538,1719,1577,221,0,332,0,102,137,289,84,0,0,783,1335,42,60,978,0,8.7,0,21.1,0,4,5.4,11.4,3.3,0,0,30.9,77.6,2.4,3.9,62,0,0.2439,0,0.4187,0,0.7024,1.365,0.1921,0.1512,0.3122,0.0537,0,0,0.5171,0.0246,0.1707,0.1707,0.1707,0.8177,0.9852,0.6847,0.9606,0,3.4482,0.9557,5.501,0.2414,0,0,0,0,0,0,0,0,0,0,0,0,0,0,0,1,0,1,0,2,2,"10+ minutes","0-5 minutes"
"89",11001005303,0.28,0.09,"Census Tract 53.03; District of Columbia; District of Columbia",0.065162048,2637,2302,2033,305,39,436,0,142,452,82,172,0,0,765,1959,0,17,1304,17,11.6,2,21.4,0,5.4,17.1,3.1,6.6,0,0,29,85.1,0,0.8,64.1,0.6,0.3707,0.2098,0.4236,0,0.8146,1.8187,0.3251,0.761,0.1122,0.239,0,0,1.1122,0.0887,0.1463,0.1463,0.1463,0.8719,0,0.2512,0.9803,0.3756,2.479,0.7685,5.5562,0.2562,0,0,0,0,0,0,0,0,0,0,0,0,0,0,0,0,0,1,0,1,1,"6-10 minutes","0-5 minutes"
"90",11001005501,0.3,0.05,"Census Tract 55.01; District of Columbia; District of Columbia",0.063609918,1674,1587,1171,109,27,79,38,102,122,0,162,0,38,434,1364,0,30,566,2,6.5,1.9,6.7,2.4,6.1,7.3,0,9.7,0,2.3,25.9,86,0,2.6,48.3,0.1,0.1659,0.1951,0.0493,0.2878,0.8732,1.5713,0.2463,0.2488,0,0.4976,0,0.7561,1.5025,0.1724,0.0878,0.0878,0.0878,0.8768,0,0.5172,0.7685,0.2049,2.3674,0.7241,5.529,0.2463,0,0,0,0,0,0,0,0,0,0,0,0,0,0,0,0,0,0,0,0,0,"6-10 minutes","0-5 minutes"
"91",11001005502,0.3,0.09,"Census Tract 55.02; District of Columbia; District of Columbia",0.097028205,2685,1706,1672,285,29,410,22,77,488,124,268,0,55,863,1213,0,16,884,192,11.4,1.5,24.5,1,3,18.2,4.6,10.6,0,2.1,32.1,71.1,0,1,52.9,7.2,0.361,0.1366,0.5025,0.1707,0.5561,1.7269,0.3005,0.7951,0.1415,0.5707,0,0.7317,2.239,0.3793,0.2049,0.2049,0.2049,0.7586,0,0.3251,0.8276,0.878,2.7893,0.8522,6.9601,0.4581,0,0,0,0,0,0,0,0,0,0,0,0,0,0,0,0,0,0,0,0,0,"6-10 minutes","0-5 minutes"
"92",11001005503,0.43,0.13,"Census Tract 55.03; District of Columbia; District of Columbia",0.082370228,1726,1496,1195,669,59,512,8,74,213,0,170,0,0,418,1496,0,0,715,0,38.8,4.4,42.8,0.6,4.3,12.3,0,9.8,0,0,24.2,100,0,0,59.8,0,0.8341,0.4341,0.8571,0.122,0.7268,2.9741,0.6453,0.5512,0,0.5122,0,0,1.0634,0.0837,0.0585,0.0585,0.0585,0.9852,0,0,0.936,0,1.9212,0.4631,6.0172,0.3202,0,0,0,0,0,0,0,0,0,0,0,0,0,0,1,0,0,1,0,2,2,"10+ minutes","0-5 minutes"
"93",11001005601,0.21,0.15,"Census Tract 56.01; District of Columbia; District of Columbia",0.071548176,2553,2209,1969,840,106,599,0,45,408,9,229,0,0,872,1938,0,62,1292,17,33,6.6,30.4,0,1.8,16,0.4,9.3,0,0,34.2,87.7,0,3.1,65.6,0.7,0.7756,0.561,0.6601,0,0.3561,2.3528,0.4975,0.722,0.0293,0.4585,0,0,1.2098,0.1034,0.239,0.239,0.239,0.8867,0,0.5764,0.9852,0.4049,2.8532,0.8719,6.6548,0.4236,0,0,0,0,0,0,0,0,0,0,0,0,0,0,0,0,0,1,0,1,1,"6-10 minutes","0-5 minutes"
"94",11001005602,0.27,0.13,"Census Tract 56.02; District of Columbia; District of Columbia",0.105595422,3530,2167,1850,507,82,564,0,37,816,109,372,0,149,1294,2167,0,110,921,928,19.7,4.9,30.5,0,1,23.1,3.1,10.5,0,4.4,36.7,100,0,5.9,49.8,26.3,0.6,0.4732,0.67,0,0.1902,1.9334,0.3645,0.9122,0.1122,0.5561,0,0.8537,2.4342,0.4483,0.2537,0.2537,0.2537,0.9852,0,0.8227,0.7882,0.961,3.5571,0.9704,8.1784,0.6108,0,0,0,0,0,0,1,0,0,0,0,1,0,0,1,0,0,0,1,2,3,"6-10 minutes","0-5 minutes"
"95",11001005801,0.23,0.04,"Census Tract 58.01; District of Columbia; District of Columbia",0.089942847,1775,1509,1173,475,56,151,117,93,323,38,219,11,137,732,1446,0,7,678,203,26.9,4.5,12.9,7.1,5.2,18.2,2.1,12.3,0.9,7.8,41.2,95.8,0,0.6,57.8,11.4,0.7171,0.439,0.1773,0.5707,0.8,2.7041,0.5764,0.7951,0.0878,0.6537,0.2069,0.9317,2.6752,0.5468,0.3073,0.3073,0.3073,0.9409,0,0.2069,0.9163,0.9317,2.9958,0.9064,8.6824,0.6552,0,0,0,0,0,0,0,0,0,0,1,1,0,0,1,0,0,1,1,3,4,"6-10 minutes","0-5 minutes"
"96",11001005802,0.22,0.06,"Census Tract 58.02; District of Columbia; District of Columbia",0.263509982,2027,1704,1474,247,59,209,0,59,177,27,214,0,14,873,1584,0,17,759,37,12.2,3.5,14.2,0,3,8.7,1.3,11,0,0.7,43.1,93,0,1.1,51.5,1.8,0.3951,0.3512,0.2315,0,0.5561,1.5339,0.2365,0.3268,0.0683,0.6049,0,0.4439,1.4439,0.1478,0.3268,0.3268,0.3268,0.9113,0,0.3448,0.803,0.6195,2.6786,0.8177,5.9832,0.3103,0,0,0,0,0,0,0,0,0,0,0,0,0,0,1,0,0,0,0,1,1,"6-10 minutes","0-5 minutes"
"97",11001005900,0.22,0.06,"Census Tract 59; District of Columbia; District of Columbia",0.247874781,2296,1592,1407,431,84,197,121,71,120,26,223,0,0,852,1568,0,13,835,238,19.9,4.8,14,6.4,3.1,5.2,1.1,9.7,0,0,37.1,98.5,0,0.9,59.3,10.4,0.6098,0.4634,0.2167,0.5415,0.5756,2.407,0.5172,0.1366,0.0585,0.4976,0,0,0.6927,0.0542,0.2585,0.2585,0.2585,0.9606,0,0.3054,0.931,0.9268,3.1238,0.936,6.482,0.3892,0,0,0,0,0,0,0,0,0,0,0,0,0,0,1,0,0,1,1,3,3,"6-10 minutes","0-5 minutes"
"98",11001006400,0.47,0.08,"Census Tract 64; District of Columbia; District of Columbia",0.266954784,2662,1673,1467,1256,116,540,349,198,334,472,567,120,20,2029,914,0,0,857,0,48.5,9.3,36.8,17.9,7.5,12.5,17.7,21.5,8.2,0.8,76.2,54.6,0,0,58.4,0,0.9366,0.6732,0.7783,0.9366,0.9171,4.2418,0.9409,0.5805,0.5073,0.9415,0.6897,0.4683,3.1873,0.7734,0.639,0.639,0.639,0.6355,0,0,0.9212,0,1.5567,0.2611,9.6248,0.7734,1,0,0,1,1,3,0,0,1,0,0,1,0,0,0,0,0,1,0,1,5,"10+ minutes","0-5 minutes"
"99",11001006500,0.2,0.23,"Census Tract 65; District of Columbia; District of Columbia",0.19664059,2732,1585,1380,620,104,166,13,106,416,496,108,32,69,863,503,0,11,320,187,22.9,6.4,12,0.6,3.9,15.2,18.2,4,2.3,2.7,31.6,31.7,0,0.8,23.2,6.8,0.6585,0.5415,0.1478,0.122,0.6878,2.1576,0.4433,0.7024,0.5366,0.0878,0.3695,0.7854,2.4817,0.4631,0.1902,0.1902,0.1902,0.3793,0,0.2512,0.266,0.8732,1.7697,0.3695,6.5992,0.4187,0,0,0,0,0,0,0,0,0,0,0,0,0,0,0,0,0,0,0,0,0,"0-5 minutes","6-10 minutes"
"100",11001006600,0.36,0.1,"Census Tract 66; District of Columbia; District of Columbia",0.110099302,2174,1251,1120,168,107,222,40,40,415,306,150,20,38,466,377,0,10,271,9,7.8,7.5,19.8,2.2,1.9,19.1,14.1,7,1.8,1.9,21.4,30.1,0,0.9,24.2,0.4,0.2195,0.6195,0.3892,0.2634,0.3805,1.8721,0.3448,0.8244,0.3854,0.2927,0.33,0.7024,2.5349,0.4828,0.0244,0.0244,0.0244,0.3645,0,0.3054,0.2906,0.3122,1.2727,0.1675,5.7041,0.2709,0,0,0,0,0,0,0,0,0,0,0,0,0,0,0,0,0,0,0,0,0,"6-10 minutes","0-5 minutes"
"101",11001006700,0.44,0.12,"Census Tract 67; District of Columbia; District of Columbia",0.165389881,4058,2093,2067,78,94,181,15,30,915,610,281,30,12,738,84,0,0,323,5,1.9,3.7,8.8,0.5,0.8,22.5,15,7,1.4,0.3,18.2,4,0,0,15.6,0.1,0.0146,0.3902,0.0788,0.1122,0.1561,0.7519,0.0788,0.9024,0.4098,0.2927,0.2808,0.322,2.2077,0.3695,0.0049,0.0049,0.0049,0.0493,0,0,0.1281,0.2049,0.3823,0.0197,3.3468,0.0246,0,0,0,0,0,0,1,0,0,0,0,1,0,0,0,0,0,0,0,0,1,"10+ minutes","0-5 minutes"
"102",11001006801,0.24,0.07,"Census Tract 68.01; District of Columbia; District of Columbia",0.094498465,2315,1114,1014,465,117,116,48,30,113,389,215,28,4,1161,134,0,0,198,68,20.1,7.8,11.4,2.9,1.3,4.9,16.8,9.4,2.8,0.2,50.2,12,0,0,19.5,2.9,0.6244,0.6341,0.1182,0.3171,0.2537,1.9475,0.3695,0.1171,0.4634,0.4732,0.4286,0.2976,1.7799,0.2562,0.4049,0.4049,0.4049,0.1527,0,0,0.197,0.7366,1.0863,0.1182,5.2186,0.1823,0,0,0,0,0,0,0,0,0,0,0,0,0,0,0,0,0,0,0,0,0,"6-10 minutes","0-5 minutes"
"103",11001006802,0.29,0.08,"Census Tract 68.02; District of Columbia; District of Columbia",0.108150259,2158,1119,1018,226,202,135,17,21,281,328,119,17,0,977,264,0,0,161,22,10.5,14.4,13.3,1,1,13,15.2,5.6,1.7,0,45.3,23.6,0,0,15.8,1,0.3317,0.8244,0.1823,0.1707,0.1902,1.6993,0.2956,0.6049,0.4244,0.1512,0.3153,0,1.4958,0.1675,0.3512,0.3512,0.3512,0.2709,0,0,0.1429,0.4927,0.9065,0.064,4.4528,0.1232,0,0,0,0,0,0,0,0,0,0,0,0,0,0,0,0,0,0,0,0,0,"6-10 minutes","0-5 minutes"
"104",11001006804,0.31,0.04,"Census Tract 68.04; District of Columbia; District of Columbia",0.595476234,2102,18,18,220,18,3,410,0,173,7,97,6,52,1939,9,0,0,0,2066,84.3,33.3,16.7,23.3,0,8.2,0.3,37.2,33.3,2.5,92.2,50,0,0,0,98.3,0.9951,0.9951,0.3202,0.9854,0,3.2958,0.7044,0.2878,0.0244,0.9951,0.9901,0.7707,3.0681,0.7044,0.7512,0.7512,0.7512,0.5862,0,0,0,0.9902,1.5764,0.2857,8.6915,0.665,1,1,0,1,0,3,0,0,1,1,0,2,0,0,0,0,0,0,1,1,6,"6-10 minutes","0-5 minutes"
"105",11001006900,0.27,0.15,"Census Tract 69; District of Columbia; District of Columbia",0.153866666,2684,1378,1259,127,13,70,7,31,163,573,165,33,0,609,403,0,36,303,15,4.7,0.7,5.6,0.3,1.2,6.1,21.3,6.2,2.6,0,22.7,29.2,0,2.9,24.1,0.6,0.0976,0.0488,0.0296,0.0927,0.2341,0.5028,0.0099,0.1902,0.6244,0.2,0.4089,0,1.4235,0.133,0.0293,0.0293,0.0293,0.3547,0,0.5468,0.2808,0.3756,1.5579,0.266,3.5135,0.0443,0,0,0,0,0,0,0,0,0,0,0,0,0,0,0,0,0,0,0,0,0,"6-10 minutes","0-5 minutes"
"106",11001007000,0.32,0.17,"Census Tract 70; District of Columbia; District of Columbia",0.169681404,2474,1249,1030,59,50,64,16,7,305,423,173,0,2,693,86,0,15,183,354,2.8,3.2,6.2,0.9,0.3,12.3,17.1,8.2,0,0.1,28,6.9,0,1.5,17.8,14.3,0.0244,0.3122,0.0394,0.1561,0.0878,0.6199,0.0443,0.5512,0.478,0.3902,0,0.278,1.6974,0.2315,0.1268,0.1268,0.1268,0.0985,0,0.4138,0.1724,0.9463,1.631,0.3103,4.0751,0.0985,0,0,0,0,0,0,0,0,0,0,0,0,0,0,0,0,0,0,1,1,1,"6-10 minutes","0-5 minutes"
"107",11001007100,0.3,0.09,"Census Tract 71; District of Columbia; District of Columbia",0.232519505,3438,1623,1486,1180,85,295,186,81,307,591,424,123,36,2337,734,0,77,494,11,34.3,4.6,19.9,7.8,2.4,8.9,17.2,12.5,8.3,1.1,68,45.2,0,5.2,33.2,0.3,0.7854,0.4488,0.399,0.639,0.4585,2.7307,0.5911,0.3415,0.4878,0.6683,0.6995,0.5854,2.7825,0.5714,0.5561,0.5561,0.5561,0.5567,0,0.798,0.4828,0.2829,2.1204,0.6158,8.1897,0.6158,0,0,0,0,0,0,0,0,0,0,0,0,0,0,0,0,0,0,0,0,0,"6-10 minutes","0-5 minutes"
"108",11001007201,0.34,0.12,"Census Tract 72.01; District of Columbia; District of Columbia",0.301722111,2417,2024,1776,97,104,294,0,30,10,0,29,0,10,748,1987,0,0,736,0,4,4.7,16.6,0,1.3,0.4,0,1.3,0,0.4,30.9,98.2,0,0,41.4,0,0.0585,0.4585,0.3103,0,0.2537,1.081,0.1429,0.0146,0,0.0049,0,0.3512,0.3707,0.0099,0.1707,0.1707,0.1707,0.9557,0,0,0.6453,0,1.601,0.3005,3.2234,0.0197,0,0,0,0,0,0,0,0,0,0,0,0,0,0,1,0,0,0,0,1,1,"6-10 minutes","0-5 minutes"
"109",11001007202,0.23,0.11,"Census Tract 72.02; District of Columbia; District of Columbia",0.071033888,4446,3311,2842,143,63,451,18,18,109,125,164,49,0,1059,3290,0,74,790,0,3.2,1.5,15.9,0.4,0.4,2.5,2.8,3.8,1.7,0,23.8,99.4,0,2.6,27.8,0,0.0293,0.1366,0.2808,0.0976,0.0976,0.6419,0.0542,0.0341,0.1073,0.0683,0.3153,0,0.525,0.0296,0.0488,0.0488,0.0488,0.9754,0,0.5172,0.3695,0,1.8621,0.4039,3.0778,0.0049,0,0,0,0,0,0,0,0,0,0,0,0,0,0,1,0,0,0,0,1,1,"6-10 minutes","0-5 minutes"
"110",11001007203,0.37,0.16,"Census Tract 72.03; District of Columbia; District of Columbia",0.148331894,2951,2044,1716,224,57,134,73,0,232,331,267,14,73,897,1720,0,55,537,22,7.6,2.6,7.8,2.9,0,7.9,11.2,9.2,0.8,2.7,30.4,84.1,0,3.2,31.3,0.7,0.2146,0.2683,0.069,0.3171,0,0.869,0.0887,0.2683,0.2976,0.439,0.202,0.7854,1.9923,0.2857,0.161,0.161,0.161,0.8621,0,0.5961,0.4532,0.4049,2.3163,0.6897,5.3386,0.2118,0,0,0,0,0,0,0,0,0,0,0,0,0,0,0,0,0,0,0,0,0,"6-10 minutes","0-5 minutes"
"111",11001007304,0.46,0.08,"Census Tract 73.04; District of Columbia; District of Columbia",0.476002376,4927,2249,2027,2252,215,1286,528,199,518,1537,822,368,0,4744,597,0,25,1081,302,47.7,10.4,63.4,17,4.2,10.5,31.2,17.4,18.2,0,96.3,26.6,0,1.2,53.3,6.1,0.9317,0.7268,0.9901,0.9171,0.722,4.2877,0.9458,0.4439,0.9122,0.8537,0.9015,0,3.1113,0.7291,0.8293,0.8293,0.8293,0.3103,0,0.3645,0.8374,0.8634,2.3756,0.734,10.6039,0.8818,1,0,1,1,0,3,0,1,0,1,0,2,0,0,0,0,0,0,0,0,5,"10+ minutes","0-5 minutes"
"112",11001007401,0.38,0.09,"Census Tract 74.01; District of Columbia; District of Columbia",0.466840948,1407,952,755,765,146,474,148,133,328,286,309,71,13,1380,495,0,36,477,21,55.3,24,62.8,15.1,9.5,23.3,20.3,22,9.4,1,98.1,52,0,4.8,63.2,1.5,0.9512,0.9366,0.9852,0.8634,0.961,4.6974,1,0.9171,0.6,0.9561,0.7438,0.5512,3.7682,0.9704,0.8927,0.8927,0.8927,0.6059,0,0.7635,0.9704,0.5756,2.9154,0.8867,12.2737,1,1,1,1,0,1,4,1,0,1,0,0,2,0,0,0,0,0,1,0,1,7,"6-10 minutes","0-5 minutes"
"113",11001007403,0.9,0.08,"Census Tract 74.03; District of Columbia; District of Columbia",0.127762696,2421,1094,925,1421,141,636,217,60,126,947,434,229,0,2411,397,0,58,503,0,58.7,16.4,68.8,16.3,2.5,5.2,39.1,17.9,24.8,0,99.6,36.3,0,6.3,54.4,0,0.9756,0.8634,1,0.8976,0.4634,4.2,0.9163,0.1366,0.9951,0.8683,0.9458,0,2.9458,0.6552,0.9659,0.9659,0.9659,0.4384,0,0.8325,0.8621,0,2.133,0.6207,10.2447,0.8424,1,0,1,0,0,2,0,1,0,1,0,2,1,1,0,0,0,0,0,0,5,"10+ minutes","0-5 minutes"
"114",11001007404,0.65,0.09,"Census Tract 74.04; District of Columbia; District of Columbia",0.31907006,3958,1570,1366,900,266,606,260,232,163,1488,471,418,0,3868,500,0,19,555,0,22.7,15.5,44.4,11.8,5.9,4.1,37.6,11.9,30.6,0,97.7,31.9,0,1.4,40.6,0,0.6537,0.8537,0.8719,0.7756,0.8537,4.0086,0.867,0.0829,0.9854,0.639,0.9803,0,2.6876,0.5517,0.8683,0.8683,0.8683,0.3892,0,0.3892,0.6305,0,1.4089,0.2069,8.9734,0.7094,0,0,0,0,0,0,0,1,0,1,0,2,0,0,0,0,0,0,0,0,2,"10+ minutes","0-5 minutes"
"115",11001007406,0.72,0.05,"Census Tract 74.06; District of Columbia; District of Columbia",0.139055408,3033,1442,1242,1771,240,554,77,106,86,1096,337,443,0,3033,1119,0,14,471,9,58.4,22.3,44.6,5,3.5,2.8,36.1,11.2,35.6,0,100,77.6,0,1.1,37.9,0.3,0.9707,0.9268,0.8818,0.4732,0.6244,3.8769,0.8424,0.039,0.9707,0.6098,0.9951,0,2.6146,0.5271,1,1,1,0.8177,0,0.3448,0.5764,0.2829,2.0218,0.5419,9.5133,0.7586,1,1,0,0,0,2,0,1,0,1,0,2,1,1,0,0,0,0,0,0,5,"10+ minutes","0-5 minutes"
"116",11001007407,0.75,0.08,"Census Tract 74.07; District of Columbia; District of Columbia",0.235020287,3216,1614,1433,1405,200,599,131,72,342,1062,481,357,50,3151,663,0,36,525,13,43.7,13,41.8,6.5,2.2,10.6,33,15,24.9,1.7,98,41.1,0,2.5,36.6,0.4,0.8878,0.7902,0.8473,0.5463,0.4341,3.5057,0.7488,0.4634,0.9463,0.8049,0.9507,0.6878,3.8531,0.9803,0.8878,0.8878,0.8878,0.5025,0,0.4975,0.5665,0.3122,1.8787,0.4335,10.1253,0.8325,0,0,0,0,0,0,0,1,0,1,0,2,0,0,0,0,0,0,0,0,2,"10+ minutes","0-5 minutes"
"117",11001007408,1.4,0.06,"Census Tract 74.08; District of Columbia; District of Columbia",0.143764694,4035,1640,1443,2531,469,601,219,228,330,1749,491,343,0,3979,445,0,175,657,402,66.5,31.4,41.6,10.2,6,8.2,43.3,12.9,23.8,0,98.6,27.2,0,12.1,45.5,10,0.9805,0.9902,0.8374,0.722,0.8585,4.3886,0.9754,0.2878,1,0.6829,0.931,0,2.9017,0.6158,0.922,0.922,0.922,0.3251,0,0.931,0.7143,0.9122,2.8826,0.8768,11.0949,0.9507,1,1,0,0,0,2,0,1,0,1,0,2,1,1,0,0,1,0,1,2,7,"10+ minutes","0-5 minutes"
"118",11001007409,1.06,0.07,"Census Tract 74.09; District of Columbia; District of Columbia",0.156322275,3718,1835,1815,2063,488,976,641,130,494,1060,752,555,17,3706,684,0,90,974,0,55.5,30.6,53.8,25.9,3.5,13.3,28.5,20.2,30.5,0.5,99.7,37.3,0,5,53.7,0,0.9561,0.9805,0.9458,0.9902,0.6244,4.497,0.9852,0.6098,0.8537,0.9171,0.9754,0.4,3.756,0.9655,0.9707,0.9707,0.9707,0.4483,0,0.7783,0.8424,0,2.069,0.5616,11.2927,0.9606,1,1,1,1,0,4,0,0,1,1,0,2,1,1,0,0,0,0,0,0,7,"10+ minutes","0-5 minutes"
"119",11001007502,1.61,0.11,"Census Tract 75.02; District of Columbia; District of Columbia",0.25031649,5073,2181,1818,1805,564,687,455,203,646,1787,1019,424,0,5028,736,0,14,926,363,38.8,28.9,37.8,15.6,4.3,12.7,35.2,21.6,23.4,0,99.1,33.7,0,0.8,50.9,7.2,0.8341,0.9756,0.803,0.8878,0.7268,4.2273,0.9261,0.5854,0.9659,0.9512,0.9261,0,3.4286,0.8768,0.9463,0.9463,0.9463,0.4089,0,0.2512,0.7931,0.878,2.3312,0.7044,10.9334,0.9212,0,1,0,0,0,1,0,1,1,1,0,3,1,1,0,0,0,0,0,0,5,"10+ minutes","0-5 minutes"
"120",11001007503,0.61,0.08,"Census Tract 75.03; District of Columbia; District of Columbia",0.198911642,2518,1152,923,1177,211,428,200,68,168,915,320,140,15,2374,298,0,29,489,133,46.7,18.6,46.4,14,2.7,6.7,36.3,12.7,15.1,0.7,94.3,25.8,0,3.1,53,5.3,0.9268,0.922,0.9015,0.8293,0.4976,4.0772,0.8916,0.2244,0.9756,0.678,0.8621,0.4439,3.184,0.7685,0.7951,0.7951,0.7951,0.3054,0,0.5764,0.8325,0.8439,2.5582,0.7833,10.6145,0.8867,1,1,1,0,0,3,0,1,0,0,0,1,0,0,0,0,0,0,0,0,4,"10+ minutes","0-5 minutes"
"121",11001007504,0.98,0.09,"Census Tract 75.04; District of Columbia; District of Columbia",0.295013202,2795,1488,1300,1089,81,604,261,103,240,829,567,196,53,2770,626,0,40,613,56,39,6.2,46.5,14.5,3.7,8.6,29.7,20.3,15.1,2.1,99.1,42,0,3.1,47.2,2,0.8439,0.5366,0.9064,0.8439,0.6585,3.7893,0.8128,0.322,0.8634,0.9268,0.8621,0.7317,3.706,0.9606,0.9463,0.9463,0.9463,0.5123,0,0.5764,0.7537,0.6488,2.4912,0.7734,10.9328,0.9163,0,0,1,0,0,1,0,0,1,0,0,1,1,1,0,0,0,0,0,0,3,"10+ minutes","0-5 minutes"
"122",11001007601,1.07,0.11,"Census Tract 76.01; District of Columbia; District of Columbia",0.430642341,5226,2404,2136,1828,427,760,604,351,725,1233,713,369,57,4892,379,0,110,630,113,35.3,16.4,35.6,17.4,6.8,13.9,23.6,13.8,17.3,1.2,93.6,15.7,0,5.1,29.5,2.2,0.7951,0.8634,0.7635,0.9268,0.8829,4.2317,0.936,0.6585,0.722,0.722,0.8818,0.6195,3.6038,0.936,0.7854,0.7854,0.7854,0.1872,0,0.7833,0.399,0.6878,2.0573,0.5567,10.6782,0.9015,0,0,0,1,0,1,0,0,0,0,0,0,0,0,0,0,0,0,0,0,1,"10+ minutes","0-5 minutes"
"123",11001007603,2.41,0.09,"Census Tract 76.03; District of Columbia; District of Columbia",0.473598891,3619,2392,2107,603,137,486,202,7,800,524,503,217,0,3519,279,0,0,641,30,16.7,6.7,23.1,7.3,0.2,22.1,14.5,13.9,10.3,0,97.2,11.7,0,0,30.4,0.8,0.5561,0.5756,0.4631,0.6,0.0829,2.2777,0.4828,0.8829,0.3902,0.7366,0.7635,0,2.7732,0.5665,0.8439,0.8439,0.8439,0.1478,0,0,0.4187,0.4488,1.0153,0.0985,6.9101,0.4433,0,0,0,0,0,0,0,0,0,0,0,0,0,0,0,0,0,0,0,0,0,"10+ minutes","0-5 minutes"
"124",11001007604,1.96,0.14,"Census Tract 76.04; District of Columbia; District of Columbia",0.528797577,3457,2054,1814,840,208,510,294,181,651,363,571,79,21,3252,876,0,19,503,20,24.3,11.3,28.1,10,5.2,18.8,10.5,16.5,4.4,0.6,94.1,42.6,0,1,27.7,0.6,0.6829,0.7463,0.5911,0.7122,0.8,3.5325,0.7586,0.8195,0.278,0.8439,0.5468,0.4244,2.9126,0.6256,0.7902,0.7902,0.7902,0.5271,0,0.3251,0.3645,0.3756,1.5923,0.2956,8.8276,0.6798,0,0,0,0,0,0,0,0,0,0,0,0,0,0,0,0,0,0,0,0,0,"10+ minutes","0-5 minutes"
"125",11001007605,1.3,0.12,"Census Tract 76.05; District of Columbia; District of Columbia",0.175210771,3779,2135,1926,1223,178,1011,241,72,920,553,1159,130,0,3679,942,0,203,916,136,32.5,10.1,52.5,7.9,1.9,24.3,14.6,30.8,6.7,0,97.4,44.1,0,10.5,47.6,3.6,0.7659,0.7073,0.936,0.6439,0.3805,3.4336,0.7291,0.9317,0.4049,0.9902,0.6453,0,2.9721,0.665,0.8585,0.8585,0.8585,0.5419,0,0.9015,0.7635,0.7951,3.002,0.9113,10.2662,0.8473,0,0,1,0,0,1,1,0,1,0,0,2,0,0,0,0,1,0,0,1,4,"10+ minutes","0-5 minutes"
"126",11001007703,0.77,0.09,"Census Tract 77.03; District of Columbia; District of Columbia",0.392951836,6923,2451,2340,2590,495,816,489,602,531,2391,645,568,124,6915,481,0,297,957,29,37.6,14.8,34.9,12.1,8.7,7.7,34.5,9.3,24.2,2.1,99.9,19.6,0,12.7,40.9,0.4,0.8244,0.8439,0.7537,0.7854,0.9415,4.1489,0.9113,0.2634,0.961,0.4585,0.936,0.7317,3.3506,0.8325,0.9805,0.9805,0.9805,0.2414,0,0.9557,0.6355,0.3122,2.1448,0.6256,10.6248,0.8916,0,0,0,0,1,1,0,1,0,1,0,2,1,1,0,0,1,0,0,1,5,"10+ minutes","0-5 minutes"
"127",11001007707,1.21,0.11,"Census Tract 77.07; District of Columbia; District of Columbia",0.325426457,4131,2020,1808,1360,249,734,541,248,569,895,959,143,0,4021,337,0,140,658,33,32.9,13.3,40.6,18.6,6,13.8,21.7,23.2,7.9,0,97.3,16.7,0,7.7,36.4,0.8,0.7707,0.8,0.8325,0.9463,0.8585,4.208,0.9212,0.6537,0.6341,0.9707,0.6847,0,2.9432,0.6502,0.8488,0.8488,0.8488,0.2118,0,0.8522,0.5616,0.4488,2.0744,0.5665,10.0744,0.8079,0,0,0,1,0,1,0,0,1,0,0,1,0,0,0,0,0,0,0,0,2,"10+ minutes","0-5 minutes"
"128",11001007708,1.26,0.15,"Census Tract 77.08; District of Columbia; District of Columbia",0.287958347,2680,1279,1221,770,325,491,290,190,493,485,679,127,0,2677,444,0,150,702,18,28.7,24.4,40.2,15.4,7.2,18.4,18.1,25.6,10.4,0,99.9,34.8,0,12.3,57.5,0.7,0.7463,0.9415,0.8227,0.878,0.9122,4.3007,0.9507,0.8098,0.5317,0.9805,0.7685,0,3.0905,0.7192,0.9805,0.9805,0.9805,0.4236,0,0.9409,0.9113,0.4049,2.6807,0.8227,11.0524,0.9409,0,1,0,0,1,2,0,0,1,0,0,1,1,1,0,0,1,1,0,2,6,"10+ minutes","0-5 minutes"
"129",11001007709,1.23,0.1,"Census Tract 77.09; District of Columbia; District of Columbia",0.320029137,2303,1348,1203,846,110,569,367,157,311,546,548,369,6,2269,297,0,104,683,48,37,11.7,47.3,22.2,6.9,13.5,23.7,23.9,30.7,0.3,98.5,22.1,0,8.7,56.8,2.1,0.8195,0.7707,0.9113,0.9756,0.8878,4.3649,0.9606,0.6195,0.7317,0.9756,0.9852,0.322,3.634,0.9507,0.9171,0.9171,0.9171,0.266,0,0.8768,0.9015,0.6732,2.7175,0.8276,11.6335,0.9852,0,0,1,1,0,2,0,0,1,1,0,2,1,1,0,0,0,1,0,1,6,"10+ minutes","0-5 minutes"
"130",11001007803,0.35,0.21,"Census Tract 78.03; District of Columbia; District of Columbia",0.380957963,4491,2709,2357,1249,247,1272,637,377,938,1038,892,445,0,4426,1052,0,107,778,64,28.1,11.7,54,20.5,8.4,20.9,23.1,19.9,18.9,0,98.6,38.8,0,4.5,33,1.4,0.7366,0.7707,0.9557,0.9659,0.9268,4.3557,0.9557,0.8439,0.7073,0.9073,0.9064,0,3.3649,0.8424,0.922,0.922,0.922,0.4581,0,0.7438,0.4729,0.5512,2.226,0.6601,10.8686,0.9064,0,0,1,1,1,3,0,0,1,1,0,2,1,1,0,0,0,0,0,0,6,"6-10 minutes","6-10 minutes"
"131",11001007804,0.59,0.12,"Census Tract 78.04; District of Columbia; District of Columbia",0.323718728,4201,1839,1480,2181,204,668,438,157,634,1608,776,727,0,4099,736,0,70,608,350,55.7,17.1,45.1,19.5,4,15.1,38.3,19.8,49.1,0,97.6,40,0,4.7,41.1,8.3,0.961,0.8829,0.8867,0.9512,0.7024,4.3842,0.9704,0.6976,0.9902,0.9024,1,0,3.5902,0.931,0.8634,0.8634,0.8634,0.468,0,0.7586,0.6404,0.8878,2.7548,0.8424,11.5926,0.9803,1,0,0,1,0,2,0,1,1,1,0,3,0,0,0,0,0,0,0,0,5,"10+ minutes","0-5 minutes"
"132",11001007806,0.41,0.11,"Census Tract 78.06; District of Columbia; District of Columbia",0.25924201,2386,1308,1233,642,116,561,152,221,419,319,339,35,46,2273,316,0,23,447,54,27,10.1,45.5,7.4,9.3,17.6,13.4,14.2,2.8,2,95.3,24.2,0,1.9,36.3,2.3,0.722,0.7073,0.8916,0.6098,0.9561,3.8868,0.8473,0.7756,0.3561,0.7707,0.4286,0.7171,3.0481,0.6995,0.8049,0.8049,0.8049,0.2808,0,0.4581,0.5567,0.7024,1.998,0.532,9.7378,0.7783,0,0,0,0,1,1,0,0,0,0,0,0,0,0,0,0,0,0,0,0,1,"6-10 minutes","0-5 minutes"
"133",11001007807,1.29,0.1,"Census Tract 78.07; District of Columbia; District of Columbia",0.201834434,2408,1000,918,599,363,277,173,62,269,459,424,82,15,2406,305,0,29,309,45,24.9,28.4,30.2,10.4,2.6,11.2,19.1,17.6,8.9,0.7,99.9,30.5,0,3.2,33.7,1.9,0.7024,0.9707,0.6502,0.7317,0.4878,3.5428,0.7685,0.5073,0.5756,0.8585,0.7291,0.4439,3.1144,0.734,0.9805,0.9805,0.9805,0.3695,0,0.5961,0.5123,0.6244,2.1023,0.601,9.74,0.7833,0,1,0,0,0,1,0,0,0,0,0,0,1,1,0,0,0,0,0,0,2,"10+ minutes","0-5 minutes"
"134",11001007808,1.29,0.14,"Census Tract 78.08; District of Columbia; District of Columbia",0.361720431,4206,1823,1577,1929,278,614,396,61,508,1421,902,388,0,4182,293,0,139,395,62,45.9,16.8,38.9,16.2,1.5,12.1,33.8,21.5,24.6,0,99.4,16.1,0,8.8,25,1.5,0.9171,0.8732,0.8177,0.8927,0.3073,3.808,0.8177,0.5463,0.9561,0.9415,0.9409,0,3.3848,0.8522,0.9561,0.9561,0.9561,0.202,0,0.8818,0.3054,0.5756,1.9648,0.5025,10.1137,0.8276,1,0,0,0,0,1,0,1,1,1,0,3,1,1,0,0,0,0,0,0,5,"10+ minutes","0-5 minutes"
"135",11001007809,0.72,0.1,"Census Tract 78.09; District of Columbia; District of Columbia",0.20666264,3236,1394,1209,1428,424,400,348,22,342,1062,353,304,11,3167,149,0,13,532,34,44.2,27,33.1,20.4,0.7,10.6,32.8,10.9,25.1,0.4,97.9,10.7,0,1.1,44,1.1,0.8927,0.9561,0.7291,0.961,0.1415,3.6804,0.7833,0.4634,0.9366,0.5951,0.9606,0.3512,3.3069,0.8128,0.878,0.878,0.878,0.1281,0,0.3448,0.6897,0.5122,1.6748,0.33,9.5401,0.7635,0,1,0,1,0,2,0,1,0,1,0,2,0,0,0,0,0,0,0,0,4,"10+ minutes","0-5 minutes"
"136",11001007901,0.88,0.1,"Census Tract 79.01; District of Columbia; District of Columbia",0.155228834,4505,1959,1728,1538,483,499,182,125,728,1129,535,233,26,3677,326,0,73,560,13,34.1,22.6,28.9,5.9,2.8,16.2,25.1,11.9,13.5,0.6,81.6,16.6,0,4.2,32.4,0.3,0.7805,0.9317,0.6108,0.5268,0.5122,3.362,0.7143,0.7317,0.7854,0.639,0.8424,0.4244,3.4229,0.8719,0.6732,0.6732,0.6732,0.2069,0,0.7291,0.4631,0.2829,1.682,0.335,9.1401,0.7192,0,1,0,0,0,1,0,0,0,0,0,0,0,0,0,0,0,0,0,0,1,"10+ minutes","0-5 minutes"
"137",11001007903,0.88,0.16,"Census Tract 79.03; District of Columbia; District of Columbia",0.09573206,1739,894,763,197,95,164,105,60,176,306,180,46,15,1308,11,0,0,160,0,11.3,9.4,21.5,8,3.5,10.1,17.6,10.4,6,0.9,75.2,1.2,0,0,21,0,0.3512,0.678,0.4286,0.6537,0.6244,2.7359,0.5961,0.4098,0.5024,0.5463,0.6207,0.5317,2.6109,0.5172,0.6244,0.6244,0.6244,0.0296,0,0,0.2217,0,0.2513,0.0049,6.2225,0.335,0,0,0,0,0,0,0,0,0,0,0,0,0,0,0,0,0,0,0,0,0,"10+ minutes","0-5 minutes"
"138",11001008001,1.06,0.07,"Census Tract 80.01; District of Columbia; District of Columbia",0.124631795,3064,1589,1416,69,37,72,53,0,177,613,120,0,30,1114,161,0,19,151,26,2.3,1.7,5.1,2.3,0,5.8,20,3.9,0,1.1,36.4,10.2,0,1.4,10.7,0.8,0.0195,0.1707,0.0246,0.278,0,0.4928,0.0049,0.1707,0.5951,0.0732,0,0.5854,1.4244,0.1379,0.2488,0.2488,0.2488,0.1182,0,0.3892,0.0542,0.4488,1.0104,0.0887,3.1764,0.0099,0,0,0,0,0,0,0,0,0,0,0,0,0,0,0,0,0,0,0,0,0,"10+ minutes","0-5 minutes"
"139",11001008002,0.71,0.08,"Census Tract 80.02; District of Columbia; District of Columbia",0.223538,3281,1530,1410,300,100,177,27,105,289,875,217,124,0,1116,197,0,18,230,73,9.2,5,12.6,1.2,3.2,8.8,26.7,6.7,8.8,0,34,12.9,0,1.3,16.3,2.2,0.2829,0.478,0.1626,0.1854,0.5854,1.6943,0.2857,0.3366,0.8293,0.2585,0.7241,0,2.1485,0.33,0.2341,0.2341,0.2341,0.1675,0,0.3744,0.1527,0.6878,1.3824,0.197,5.4593,0.2315,0,0,0,0,0,0,0,0,0,0,0,0,0,0,0,0,0,0,0,0,0,"10+ minutes","0-5 minutes"
"140",11001008100,0.8,0.07,"Census Tract 81; District of Columbia; District of Columbia",0.112079233,3123,1591,1531,46,22,97,11,219,304,507,121,28,11,718,220,0,22,247,8,1.5,1,6.3,0.4,7,9.7,16.2,3.9,1.8,0.4,23,13.8,0,1.4,16.1,0.3,0.0098,0.078,0.0443,0.0976,0.8976,1.1273,0.1527,0.3902,0.4439,0.0732,0.33,0.3512,1.5885,0.2118,0.0341,0.0341,0.0341,0.1724,0,0.3892,0.1478,0.2829,0.9923,0.0837,3.7422,0.064,0,0,0,0,0,0,0,0,0,0,0,0,0,0,0,0,0,0,0,0,0,"10+ minutes","0-5 minutes"
"141",11001008200,0.6,0.11,"Census Tract 82; District of Columbia; District of Columbia",0.130666183,2658,1665,1407,99,25,188,1,18,273,343,89,13,19,746,415,0,14,540,163,3.9,1.2,13.4,0.1,0.7,10.3,12.9,3.4,0.9,0.8,28.1,25,0,1,38.4,6.1,0.0537,0.0927,0.1921,0.0829,0.1415,0.5629,0.0296,0.4341,0.3415,0.0634,0.2069,0.4683,1.5142,0.1773,0.1366,0.1366,0.1366,0.3005,0,0.3251,0.5911,0.8634,2.0801,0.5714,4.2938,0.1182,0,0,0,0,0,0,0,0,0,0,0,0,0,0,0,0,0,0,0,0,0,"10+ minutes","0-5 minutes"
"142",11001008301,0.49,0.14,"Census Tract 83.01; District of Columbia; District of Columbia",0.117363425,2895,1652,1542,201,44,157,29,51,272,353,120,0,0,911,570,0,11,434,82,7.1,2,10.2,1.3,1.8,9.4,12.2,4.1,0,0,31.5,34.5,0,0.7,28.1,2.8,0.1902,0.2098,0.1034,0.2049,0.3561,1.0644,0.133,0.3707,0.3317,0.0927,0,0,0.7951,0.064,0.1854,0.1854,0.1854,0.4187,0,0.2315,0.3744,0.7317,1.7563,0.3645,3.8012,0.0739,0,0,0,0,0,0,0,0,0,0,0,0,0,0,0,0,0,0,0,0,0,"10+ minutes","0-5 minutes"
"143",11001008302,0.76,0.09,"Census Tract 83.02; District of Columbia; District of Columbia",0.100730537,2981,1434,1321,94,8,169,73,0,289,551,141,48,0,762,382,0,21,342,112,3.3,0.4,12.8,3.2,0,9.7,18.5,5,3.6,0,25.6,26.6,0,1.6,25.9,3.8,0.039,0.0341,0.1675,0.3561,0,0.5967,0.0394,0.3902,0.5463,0.1122,0.5074,0,1.5561,0.197,0.078,0.078,0.078,0.3103,0,0.4236,0.335,0.8049,1.8738,0.4187,4.1046,0.1034,0,0,0,0,0,0,0,0,0,0,0,0,0,0,0,0,0,0,0,0,0,"10+ minutes","0-5 minutes"
"144",11001008402,1.09,0.08,"Census Tract 84.02; District of Columbia; District of Columbia",0.105861446,2496,1614,1450,318,51,280,66,89,266,282,279,19,13,1199,749,0,0,553,79,12.8,2.9,19.3,3.1,3.6,10.7,11.3,11.2,1.3,0.5,48,46.4,0,0,38.1,3.2,0.4146,0.2927,0.3744,0.3512,0.6439,2.0768,0.4187,0.4732,0.3024,0.6098,0.2562,0.4,2.0416,0.3054,0.3854,0.3854,0.3854,0.5764,0,0,0.5862,0.7561,1.9187,0.4581,6.4225,0.3695,0,0,0,0,0,0,0,0,0,0,0,0,0,0,0,0,0,0,0,0,0,"10+ minutes","0-5 minutes"
"145",11001008410,0.93,0.06,"Census Tract 84.10; District of Columbia; District of Columbia",0.084918888,2189,855,837,151,43,99,68,57,95,675,176,17,0,1290,41,0,45,202,1,6.9,3.2,11.8,4.6,2.6,4.3,30.8,8,2,0,58.9,4.8,0,5.4,24.1,0,0.1854,0.3122,0.1429,0.4488,0.4878,1.5771,0.2562,0.0927,0.8927,0.3805,0.3645,0,1.7304,0.2463,0.4927,0.4927,0.4927,0.069,0,0.8079,0.2808,0,1.1577,0.1379,4.9579,0.1675,0,0,0,0,0,0,0,0,0,0,0,0,0,0,0,0,0,0,0,0,0,"10+ minutes","0-5 minutes"
"146",11001008701,0.67,0.07,"Census Tract 87.01; District of Columbia; District of Columbia",0.14775583,2661,1269,1130,430,29,177,75,60,177,262,174,49,65,1446,161,0,13,217,86,16.3,1.6,15.7,3.4,2.3,6.7,9.8,6.6,4.3,2.5,54.3,12.7,0,1.2,19.2,3.2,0.5366,0.1561,0.2759,0.3805,0.4488,1.7979,0.3202,0.2244,0.239,0.239,0.5369,0.7707,2.01,0.3005,0.4683,0.4683,0.4683,0.1626,0,0.3645,0.1921,0.7561,1.4753,0.2266,5.7515,0.2808,0,0,0,0,0,0,0,0,0,0,0,0,0,0,0,0,0,0,0,0,0,"10+ minutes","0-5 minutes"
"147",11001008702,0.54,0.06,"Census Tract 87.02; District of Columbia; District of Columbia",0.18780426,3430,2135,2021,428,77,348,87,161,135,352,223,51,19,2030,1317,0,16,801,119,12.5,2.9,17.2,3.2,4.7,3.9,10.3,6.5,2.5,0.6,59.2,61.7,0,0.8,39.6,3.5,0.4098,0.2927,0.33,0.3561,0.7659,2.1545,0.4335,0.0585,0.2683,0.2293,0.3941,0.4244,1.3746,0.1182,0.5024,0.5024,0.5024,0.6847,0,0.2512,0.6108,0.7854,2.3321,0.7094,6.3636,0.3498,0,0,0,0,0,0,0,0,0,0,0,0,0,0,0,0,0,0,0,0,0,"10+ minutes","0-5 minutes"
"148",11001008802,1.15,0.08,"Census Tract 88.02; District of Columbia; District of Columbia",0.180918903,4607,2164,1891,1116,277,451,307,138,376,942,360,93,42,3541,436,0,69,560,90,24.6,9.5,23.8,9.4,3,8.2,20.4,7.9,4.9,1,76.9,20.2,0,3.6,29.6,2,0.6976,0.6829,0.4877,0.7024,0.5561,3.1267,0.6552,0.2878,0.6098,0.3707,0.5764,0.5512,2.3959,0.4286,0.6439,0.6439,0.6439,0.2512,0,0.6601,0.4039,0.6488,1.964,0.4975,8.1305,0.6059,0,0,0,0,0,0,0,0,0,0,0,0,0,0,0,0,0,0,0,0,0,"10+ minutes","0-5 minutes"
"149",11001008803,0.97,0.08,"Census Tract 88.03; District of Columbia; District of Columbia",0.45108065,3784,1983,1627,1144,263,592,200,248,150,429,654,140,30,2920,1441,0,72,769,1021,34.5,11.3,36.4,7.3,6.7,4,11.3,17.8,8.6,0.8,77.2,72.7,0,4.4,47.3,27,0.7902,0.7463,0.7734,0.6,0.878,3.7879,0.8079,0.0732,0.3024,0.8634,0.7143,0.4683,2.4216,0.4433,0.6488,0.6488,0.6488,0.7783,0,0.7389,0.7586,0.9659,3.2417,0.9409,10.1,0.8227,0,0,0,0,0,0,0,0,0,0,0,0,0,0,0,0,0,0,1,1,1,"10+ minutes","0-5 minutes"
"150",11001008804,1.33,0.07,"Census Tract 88.04; District of Columbia; District of Columbia",0.300407433,3063,1901,1569,941,290,654,235,156,118,583,320,156,251,2793,210,0,280,411,20,30.8,14.4,41.7,10.7,5.1,3.9,19,10.4,10,8.8,91.2,11.1,0,17.8,26.2,0.7,0.7512,0.8244,0.8424,0.7366,0.7951,3.9497,0.8571,0.0585,0.5707,0.5463,0.7586,0.9512,2.8853,0.6108,0.7415,0.7415,0.7415,0.133,0,0.9852,0.3448,0.4049,1.8679,0.4138,9.4444,0.7488,0,0,0,0,0,0,0,0,0,0,1,1,0,0,0,0,1,0,0,1,2,"10+ minutes","0-5 minutes"
"151",11001008903,1.59,0.09,"Census Tract 89.03; District of Columbia; District of Columbia",0.118012462,4006,1978,1781,1792,420,853,269,50,142,1256,462,364,0,3530,620,0,219,767,0,46.1,18.5,47.9,10.8,1.2,3.5,31.4,11.5,20.4,0,88.1,31.4,0,12.3,43.1,0,0.922,0.9171,0.9163,0.7415,0.2341,3.731,0.798,0.0537,0.9171,0.6244,0.9163,0,2.5115,0.4729,0.7073,0.7073,0.7073,0.3744,0,0.9409,0.6798,0,1.9951,0.5222,8.9449,0.6946,1,1,1,0,0,3,0,1,0,1,0,2,0,0,0,0,1,0,0,1,6,"10+ minutes","0-5 minutes"
"152",11001008904,1.24,0.1,"Census Tract 89.04; District of Columbia; District of Columbia",0.173492231,3973,2178,1970,932,187,796,369,382,259,898,471,224,51,3621,629,0,142,676,0,23.5,7.4,40.4,13,9.6,6.5,22.6,11.9,11.4,1.4,91.1,28.9,0,7.2,34.3,0,0.6634,0.6049,0.8276,0.8098,0.9659,3.8716,0.8374,0.2146,0.678,0.639,0.803,0.6585,2.9931,0.6749,0.7366,0.7366,0.7366,0.3498,0,0.8473,0.5222,0,1.7193,0.3498,9.3206,0.7389,0,0,0,0,1,1,0,0,0,0,0,0,0,0,0,0,0,0,0,0,1,"10+ minutes","0-5 minutes"
"153",11001009000,1.99,0.12,"Census Tract 90; District of Columbia; District of Columbia",0.55101157,3637,2434,2289,371,35,857,338,62,1133,457,972,65,0,3318,1118,0,26,501,0,10.2,1.6,37.4,11.7,1.7,31.2,12.6,26.7,2.8,0,91.2,46,0,1.1,21.9,0,0.3171,0.1561,0.7833,0.7707,0.3317,2.3589,0.5025,0.9805,0.3366,0.9854,0.4286,0,2.7311,0.5567,0.7415,0.7415,0.7415,0.5665,0,0.3448,0.2414,0,1.1527,0.133,6.9842,0.4631,0,0,0,0,0,0,1,0,1,0,0,2,0,0,0,0,0,0,0,0,2,"10+ minutes","0-5 minutes"
"154",11001009102,0.85,0.14,"Census Tract 91.02; District of Columbia; District of Columbia",0.701272043,4753,2232,1937,1350,246,672,448,182,436,1178,654,292,66,4151,619,39,68,646,30,28.5,10.1,34.7,14.7,3.8,9.2,24.8,13.8,15,1.6,87.3,27.7,1.7,3.5,33.4,0.6,0.7415,0.7073,0.7438,0.8537,0.6683,3.7146,0.7931,0.3561,0.7561,0.722,0.8571,0.678,3.3693,0.8473,0.6976,0.6976,0.6976,0.33,0.9655,0.6355,0.5025,0.3756,2.8091,0.8621,10.5906,0.8768,0,0,0,0,0,0,0,0,0,0,0,0,0,0,0,1,0,0,0,1,1,"10+ minutes","0-5 minutes"
"155",11001009201,0.46,0.1,"Census Tract 92.01; District of Columbia; District of Columbia",0.243159704,3053,1438,1242,642,85,397,80,257,196,621,172,43,65,1541,661,0,68,308,383,22.2,4.8,32,4.4,8.5,6.4,20.3,5.7,3.5,2.3,50.5,46,0,5.4,24.8,12.5,0.6439,0.4634,0.7192,0.4293,0.9317,3.1875,0.67,0.2098,0.6,0.1659,0.4975,0.7561,2.2293,0.3744,0.4195,0.4195,0.4195,0.5665,0,0.8079,0.3005,0.9415,2.6164,0.8079,8.4527,0.6305,0,0,0,0,1,1,0,0,0,0,0,0,0,0,0,0,0,0,1,1,2,"10+ minutes","0-5 minutes"
"156",11001009203,0.65,0.1,"Census Tract 92.03; District of Columbia; District of Columbia",0.224358853,3337,1566,1537,598,298,530,166,185,368,365,431,37,42,2672,446,0,43,612,26,17.9,14,34.5,7.2,5.5,11,10.9,12.9,2.4,1.3,80.1,28.5,0,2.8,39.8,0.8,0.5707,0.8098,0.7389,0.5902,0.8293,3.5389,0.7635,0.4976,0.2927,0.6829,0.3793,0.639,2.4915,0.468,0.6683,0.6683,0.6683,0.3448,0,0.5369,0.6207,0.4488,1.9512,0.4877,8.6499,0.6502,0,0,0,0,0,0,0,0,0,0,0,0,0,0,0,0,0,0,0,0,0,"10+ minutes","0-5 minutes"
"157",11001009204,0.4,0.06,"Census Tract 92.04; District of Columbia; District of Columbia",0.119098953,3373,1641,1565,1460,126,774,409,179,590,1134,666,284,370,3054,1101,0,64,672,0,43.3,8.9,49.5,19.7,5.3,17.5,33.6,19.7,18.1,12.3,90.5,67.1,0,4.1,42.9,0,0.878,0.6634,0.9212,0.9561,0.8098,4.2285,0.931,0.7659,0.9512,0.8976,0.8966,0.9805,4.4918,1,0.7268,0.7268,0.7268,0.734,0,0.7094,0.6749,0,2.1183,0.6108,11.5654,0.9754,0,0,1,1,0,2,0,1,0,0,1,2,0,0,0,0,0,0,0,0,4,"6-10 minutes","0-5 minutes"
"158",11001009301,0.66,0.1,"Census Tract 93.01; District of Columbia; District of Columbia",0.428222253,3505,1553,1524,331,35,176,50,105,503,614,322,14,0,2100,164,0,9,177,145,9.4,1.7,11.5,1.9,3,14.4,17.5,9.2,0.9,0,59.9,10.5,0,0.6,11.6,4.1,0.2878,0.1707,0.1281,0.2537,0.5561,1.3964,0.2069,0.678,0.4976,0.439,0.2069,0,1.8215,0.2709,0.5073,0.5073,0.5073,0.1232,0,0.2069,0.069,0.8146,1.2137,0.1527,4.9389,0.1576,0,0,0,0,0,0,0,0,0,0,0,0,0,0,0,0,0,0,0,0,0,"10+ minutes","0-5 minutes"
"159",11001009302,0.55,0.1,"Census Tract 93.02; District of Columbia; District of Columbia",0.151315304,1762,1005,962,350,65,287,122,153,90,305,135,38,50,1248,452,0,8,274,8,19.9,5.1,29.8,8.8,8.7,5.1,17.3,7.7,3.9,3,70.8,45,0,0.8,28.5,0.5,0.6098,0.4829,0.6355,0.6878,0.9415,3.3575,0.7094,0.1317,0.4927,0.3561,0.5222,0.8049,2.3076,0.4039,0.5902,0.5902,0.5902,0.5517,0,0.2512,0.3842,0.3415,1.5286,0.2463,7.7839,0.5665,0,0,0,0,1,1,0,0,0,0,0,0,0,0,0,0,0,0,0,0,1,"10+ minutes","0-5 minutes"
"160",11001009400,1.44,0.11,"Census Tract 94; District of Columbia; District of Columbia",0.611153906,4889,1892,1807,587,223,357,279,181,999,1098,646,46,41,3688,110,0,29,284,102,12.1,8.5,19.8,7.7,3.7,20.4,22.5,13.2,2.5,0.9,75.4,5.8,0,1.6,15.7,2.1,0.3854,0.6488,0.3892,0.6293,0.6585,2.7112,0.5813,0.839,0.6732,0.7024,0.3941,0.5317,3.1404,0.7488,0.6293,0.6293,0.6293,0.0837,0,0.4236,0.133,0.6732,1.3135,0.1773,7.7944,0.5714,0,0,0,0,0,0,0,0,0,0,0,0,0,0,0,0,0,0,0,0,0,"10+ minutes","0-5 minutes"
"161",11001009503,1.08,0.12,"Census Tract 95.03; District of Columbia; District of Columbia",0.549658282,3058,1252,1100,546,89,183,107,102,698,743,292,61,31,2392,0,0,0,15,169,18,6.1,16.6,5.2,3.4,22.8,24.3,9.6,5.5,1.1,78.2,0,0,0,1.4,5.5,0.5756,0.5317,0.3103,0.4829,0.6195,2.52,0.5369,0.9073,0.7415,0.4878,0.601,0.5854,3.323,0.8276,0.6634,0.6634,0.6634,0,0,0,0.0197,0.8585,0.8782,0.0591,7.3846,0.5222,0,0,0,0,0,0,1,0,0,0,0,1,0,0,0,0,0,0,0,0,1,"10+ minutes","0-5 minutes"
"162",11001009504,0.73,0.12,"Census Tract 95.04; District of Columbia; District of Columbia",0.398908231,3200,1259,1197,452,222,303,115,13,819,380,402,0,194,2238,54,0,17,129,326,15.2,12.7,25.3,4.4,0.4,25.6,11.9,13.5,0,6.4,69.9,4.3,0,1.4,10.8,10.2,0.4878,0.7854,0.5271,0.4293,0.0976,2.3272,0.4926,0.9463,0.322,0.7073,0,0.9073,2.8829,0.6059,0.5805,0.5805,0.5805,0.0542,0,0.3892,0.0591,0.922,1.4245,0.2167,7.2151,0.5074,0,0,0,0,0,0,1,0,0,0,1,2,0,0,0,0,0,0,1,1,3,"10+ minutes","0-5 minutes"
"163",11001009505,0.93,0.1,"Census Tract 95.05; District of Columbia; District of Columbia",0.398923675,4286,1991,1820,279,182,455,176,114,586,936,657,57,3,3853,552,0,11,326,62,6.5,7.3,25,5.5,2.7,13.7,21.8,15.3,3.1,0.1,89.9,27.7,0,0.6,17.9,1.4,0.1659,0.5951,0.5172,0.5024,0.4976,2.2782,0.4877,0.6439,0.639,0.8146,0.4581,0.278,2.8336,0.5961,0.722,0.722,0.722,0.33,0,0.2069,0.1773,0.5512,1.2654,0.1626,7.0992,0.4926,0,0,0,0,0,0,0,0,0,0,0,0,0,0,0,0,0,0,0,0,0,"10+ minutes","0-5 minutes"
"164",11001009507,0.68,0.08,"Census Tract 95.07; District of Columbia; District of Columbia",0.11401206,1650,631,598,279,49,150,79,18,266,409,151,7,43,1494,22,0,37,79,0,16.9,6,25.1,6.7,1.1,16.1,24.8,9.2,1.2,2.9,90.5,3.5,0,6.2,13.2,0,0.5659,0.5268,0.5222,0.5561,0.2195,2.3905,0.5123,0.7268,0.7561,0.439,0.2365,0.8,2.9584,0.6601,0.7268,0.7268,0.7268,0.0394,0,0.8276,0.0837,0,0.9507,0.069,7.0264,0.4729,0,0,0,0,0,0,0,0,0,0,0,0,0,0,0,0,0,0,0,0,0,"10+ minutes","0-5 minutes"
"165",11001009508,0.63,0.09,"Census Tract 95.08; District of Columbia; District of Columbia",0.371511978,3908,2095,1827,507,198,476,131,4,715,927,668,50,52,3722,1169,0,13,555,13,13,10.7,26.1,4.5,0.1,18.3,23.7,17.1,2.7,1.4,95.2,55.8,0,0.7,30.4,0.3,0.4244,0.7366,0.5369,0.439,0.0732,2.2101,0.4631,0.8049,0.7317,0.8488,0.4187,0.6585,3.4626,0.8867,0.8,0.8,0.8,0.6404,0,0.2315,0.4187,0.2829,1.5735,0.2808,8.0462,0.5961,0,0,0,0,0,0,0,0,0,0,0,0,0,0,0,0,0,0,0,0,0,"10+ minutes","0-5 minutes"
"166",11001009509,0.6,0.12,"Census Tract 95.09; District of Columbia; District of Columbia",0.25052151,3148,1384,1359,139,75,91,180,129,563,593,489,50,26,2595,0,0,27,294,0,4.4,4.2,6.7,7.4,4.1,17.9,18.8,15.5,3.7,0.9,82.4,0,0,2,21.6,0,0.0732,0.4195,0.0493,0.6098,0.7171,1.8689,0.335,0.7854,0.5561,0.8195,0.5172,0.5317,3.2099,0.7833,0.6829,0.6829,0.6829,0,0,0.468,0.2266,0,0.6946,0.0345,6.4563,0.3793,0,0,0,0,0,0,0,0,0,0,0,0,0,0,0,0,0,0,0,0,0,"10+ minutes","0-5 minutes"
"167",11001009510,0.65,0.08,"Census Tract 95.10; District of Columbia; District of Columbia",0.324908694,4918,2026,1913,1990,83,1007,446,537,505,1572,603,218,387,4590,1181,0,165,661,23,40.5,3.8,52.6,15.2,10.9,10.3,32,12.3,11.4,9,93.3,58.3,0,8.6,34.6,0.5,0.8585,0.3951,0.9409,0.8683,0.9756,4.0384,0.8768,0.4341,0.922,0.6537,0.803,0.9561,3.7689,0.9754,0.7756,0.7756,0.7756,0.6552,0,0.8719,0.532,0.3415,2.4006,0.7389,10.9835,0.931,0,0,1,0,1,2,0,1,0,0,1,2,0,0,0,0,0,0,0,0,4,"10+ minutes","0-5 minutes"
"168",11001009601,0.42,0.14,"Census Tract 96.01; District of Columbia; District of Columbia",0.735625469,2035,934,823,818,320,415,155,173,199,512,330,235,15,1996,178,29,38,319,55,40.3,30.7,50.4,12.7,8.5,9.8,25.2,16.3,28.6,0.8,98.1,19.1,3.1,4.6,38.8,2.7,0.8537,0.9854,0.9261,0.8049,0.9317,4.5018,0.9901,0.4,0.7902,0.839,0.9655,0.4683,3.463,0.8916,0.8927,0.8927,0.8927,0.2266,1,0.7488,0.601,0.722,3.2984,0.9458,12.1559,0.9951,0,1,1,0,1,3,0,0,0,1,0,1,0,0,0,1,0,0,0,1,5,"10+ minutes","0-5 minutes"
"169",11001009602,0.35,0.08,"Census Tract 96.02; District of Columbia; District of Columbia",0.504522958,5144,2325,2228,2925,415,1201,520,232,375,1693,957,430,0,5086,932,0,198,1144,0,57.2,18.4,53.9,16.5,4.5,7.3,32.9,18.6,19.3,0,98.9,40.1,0,8.9,51.3,0,0.9659,0.9073,0.9507,0.9073,0.7561,4.4873,0.9803,0.2488,0.9415,0.878,0.9113,0,2.9796,0.67,0.9366,0.9366,0.9366,0.4729,0,0.8867,0.798,0,2.1576,0.6355,10.5611,0.8719,1,1,1,1,0,4,0,1,0,1,0,2,1,1,0,0,0,0,0,0,7,"6-10 minutes","0-5 minutes"
"170",11001009603,0.68,0.11,"Census Tract 96.03; District of Columbia; District of Columbia",0.234518355,4025,2041,1992,1451,396,887,337,172,720,770,801,296,0,4013,726,0,64,757,38,36,18.3,44.5,12.1,4.3,17.9,19.1,19.9,14.9,0,99.7,35.5,0,3.2,38,0.9,0.8,0.9024,0.8768,0.7854,0.7268,4.0914,0.9015,0.7854,0.5756,0.9073,0.8522,0,3.1205,0.7389,0.9707,0.9707,0.9707,0.4335,0,0.5961,0.5813,0.478,2.0889,0.5862,10.2715,0.8522,0,1,0,0,0,1,0,0,1,0,0,1,1,1,0,0,0,0,0,0,3,"10+ minutes","0-5 minutes"
"171",11001009604,0.96,0.07,"Census Tract 96.04; District of Columbia; District of Columbia",0.194356411,2288,948,909,325,183,245,162,136,343,512,312,70,37,2212,73,0,32,209,31,14.2,14,27,9.9,6,15,22.4,13.8,7.7,1.8,96.7,7.7,0,3.5,23,1.4,0.4634,0.8098,0.5517,0.7073,0.8585,3.3907,0.7241,0.6878,0.6585,0.722,0.6749,0.6927,3.4359,0.8818,0.8341,0.8341,0.8341,0.1084,0,0.6355,0.2611,0.5512,1.5562,0.2562,9.2169,0.7241,0,0,0,0,0,0,0,0,0,0,0,0,0,0,0,0,0,0,0,0,0,"10+ minutes","0-5 minutes"
"172",11001009700,1.1,0.07,"Census Tract 97; District of Columbia; District of Columbia",0.155618797,3830,1925,1788,1589,297,689,334,135,713,949,607,201,0,3787,946,0,54,426,171,41.5,17.3,38.5,14,3.5,18.6,24.8,15.8,11.3,0,98.9,49.1,0,3,23.8,4.5,0.8683,0.8878,0.8079,0.8293,0.6244,4.0177,0.8719,0.8146,0.7561,0.8293,0.7931,0,3.1931,0.7783,0.9366,0.9366,0.9366,0.5813,0,0.5517,0.2759,0.8293,2.2382,0.665,10.3856,0.8621,0,0,0,0,0,0,0,0,0,0,0,0,1,1,0,0,0,0,0,0,1,"10+ minutes","0-5 minutes"
"173",11001009801,1.27,0.08,"Census Tract 98.01; District of Columbia; District of Columbia",0.166558225,1814,1216,1107,820,100,430,426,32,572,427,726,159,11,1784,640,0,26,572,4,45.2,15.7,38.8,34.3,1.8,31.5,23.5,40,14.4,0.7,98.3,52.6,0,2.3,51.7,0.2,0.9073,0.8585,0.8128,0.9951,0.3561,3.9298,0.8522,0.9854,0.7122,1,0.8473,0.4439,3.9888,0.9901,0.9073,0.9073,0.9073,0.6108,0,0.4828,0.8128,0.2439,2.1503,0.6305,10.9762,0.9261,1,0,0,1,0,2,1,0,1,0,0,2,1,1,0,0,0,0,0,0,5,"10+ minutes","0-5 minutes"
"174",11001009802,1.51,0.08,"Census Tract 98.02; District of Columbia; District of Columbia",0.077508046,1991,946,836,856,188,265,156,42,418,605,446,88,0,1965,350,0,33,437,0,43,27,31.7,11.6,2.1,21,30.4,22.6,10.5,0,98.7,37,0,3.9,52.3,0,0.8732,0.9561,0.6995,0.7659,0.4098,3.7045,0.7882,0.8537,0.8829,0.961,0.7734,0,3.471,0.9015,0.9317,0.9317,0.9317,0.4433,0,0.6847,0.8227,0,1.9507,0.4828,10.0579,0.803,0,1,0,0,0,1,0,0,1,0,0,1,1,1,0,0,0,0,0,0,3,"10+ minutes","0-5 minutes"
"175",11001009803,1.48,0.09,"Census Tract 98.03; District of Columbia; District of Columbia",0.205043328,2984,1607,1416,1079,183,873,370,403,407,660,663,97,42,2915,550,0,21,730,116,38.3,12.5,61.7,17.8,13.8,13.6,22.1,22.6,6.8,1.5,97.7,34.2,0,1.5,51.6,3.9,0.8293,0.7805,0.9803,0.9317,0.9951,4.5169,0.9951,0.639,0.6488,0.961,0.6502,0.6732,3.5722,0.9261,0.8683,0.8683,0.8683,0.4138,0,0.4138,0.8079,0.8098,2.4453,0.7537,11.4027,0.9704,0,0,1,1,1,3,0,0,1,0,0,1,0,0,0,0,0,0,0,0,4,"10+ minutes","0-5 minutes"
"176",11001009804,0.79,0.08,"Census Tract 98.04; District of Columbia; District of Columbia",0.200140991,2908,1115,996,1262,278,588,118,14,150,946,408,248,35,2815,454,0,105,295,39,43.4,18.4,59,8,0.5,5.2,32.5,14,24.9,1.3,96.8,40.7,0,10.5,29.6,1.3,0.8829,0.9073,0.9704,0.6537,0.1171,3.5314,0.7537,0.1366,0.9317,0.7512,0.9507,0.639,3.4092,0.8621,0.839,0.839,0.839,0.4828,0,0.9015,0.4039,0.5317,2.3199,0.6946,10.0995,0.8177,0,1,1,0,0,2,0,1,0,1,0,2,0,0,0,0,1,0,0,1,5,"10+ minutes","0-5 minutes"
"177",11001009807,2.18,0.09,"Census Tract 98.07; District of Columbia; District of Columbia",0.400392407,3462,1828,1643,515,95,574,275,50,578,579,630,83,9,3391,491,55,128,762,110,15.2,5.6,34.9,10.2,1.5,16.7,16.7,18.7,5,0.3,97.9,26.9,3,7.7,46.4,3.2,0.4878,0.5122,0.7537,0.722,0.3073,2.783,0.6207,0.7512,0.4585,0.8829,0.5862,0.322,3.0008,0.6847,0.878,0.878,0.878,0.3202,0.9951,0.8522,0.7389,0.7561,3.6625,0.9901,10.3243,0.8571,0,0,0,0,0,0,0,0,0,0,0,0,0,0,0,1,0,0,0,1,1,"10+ minutes","0-5 minutes"
"178",11001009810,1.9,0.09,"Census Tract 98.10; District of Columbia; District of Columbia",0.153830373,2226,1281,1221,992,108,704,88,97,127,562,334,350,23,2223,482,0,0,665,42,44.6,9.5,57.7,6.6,4.4,5.7,25.2,15,28.7,1.1,99.9,37.6,0,0,54.5,1.9,0.8976,0.6829,0.9606,0.5512,0.7463,3.8386,0.8325,0.161,0.7902,0.8049,0.9704,0.5854,3.3119,0.8177,0.9805,0.9805,0.9805,0.4532,0,0,0.867,0.6244,1.9446,0.4778,10.0756,0.8128,0,0,1,0,0,1,0,0,0,1,0,1,1,1,0,0,0,0,0,0,3,"10+ minutes","0-5 minutes"
"179",11001009811,1.9,0.06,"Census Tract 98.11; District of Columbia; District of Columbia",0.180506932,3849,2206,1747,1546,529,770,487,165,388,1078,564,284,0,3831,1170,0,54,803,37,40.2,28.3,44.1,20.9,4.3,10.1,28,14.7,16.3,0,99.5,53,0,3.1,46,1,0.8488,0.9659,0.867,0.9707,0.7268,4.3792,0.9655,0.4098,0.8488,0.7854,0.8719,0,2.9159,0.6305,0.961,0.961,0.961,0.6158,0,0.5764,0.734,0.4927,2.4189,0.7488,10.675,0.8966,0,1,0,1,0,2,0,0,0,0,0,0,1,1,0,0,0,0,0,0,3,"10+ minutes","0-5 minutes"
"180",11001009901,1.78,0.2,"Census Tract 99.01; District of Columbia; District of Columbia",0.811644319,2140,1077,958,151,25,164,97,63,734,291,449,28,7,1988,66,13,0,165,21,7.1,2.4,17.1,5.3,2.9,34.3,13.6,21,2.9,0.4,92.9,6.1,1.2,0,17.2,1,0.1902,0.2341,0.3251,0.4878,0.5415,1.7787,0.3103,0.9902,0.3659,0.9317,0.4433,0.3512,3.0823,0.7143,0.7707,0.7707,0.7707,0.0936,0.9606,0,0.1675,0.4927,1.7144,0.3448,7.3461,0.5172,0,0,0,0,0,0,1,0,1,0,0,2,0,0,0,1,0,0,0,1,3,"10+ minutes","0-5 minutes"
"181",11001009902,2.1,0.1,"Census Tract 99.02; District of Columbia; District of Columbia",0.499830661,3090,1310,1235,473,208,301,229,46,412,480,430,31,11,2967,74,0,10,184,51,15.3,10.1,24.4,9.3,1.5,13.3,15.5,13.9,2.5,0.4,96,5.6,0,0.8,14.9,1.7,0.4976,0.7073,0.4975,0.6927,0.3073,2.7024,0.5714,0.6098,0.4341,0.7366,0.3941,0.3512,2.5258,0.4778,0.8195,0.8195,0.8195,0.0788,0,0.2512,0.1232,0.6049,1.0581,0.1034,7.1058,0.5025,0,0,0,0,0,0,0,0,0,0,0,0,0,0,0,0,0,0,0,0,0,"10+ minutes","0-5 minutes"
"182",11001009903,1.17,0.14,"Census Tract 99.03; District of Columbia; District of Columbia",0.148139229,2355,786,683,304,372,237,123,52,209,604,342,65,112,2198,0,0,28,99,35,13,26.6,34.7,8.4,2.2,8.9,25.6,14.5,9.5,5.3,93.3,0,0,4.1,14.5,1.5,0.4244,0.9512,0.7438,0.6683,0.4341,3.2218,0.6847,0.3415,0.8,0.7805,0.7488,0.8878,3.5586,0.9212,0.7756,0.7756,0.7756,0,0,0.7094,0.1182,0.5756,1.4032,0.202,8.9592,0.7044,0,1,0,0,0,1,0,0,0,0,0,0,0,0,0,0,0,0,0,0,1,"10+ minutes","0-5 minutes"
"183",11001009904,0.86,0.09,"Census Tract 99.04; District of Columbia; District of Columbia",0.1645559,3179,1465,1323,1433,187,384,130,104,160,1023,443,234,11,3126,487,4,67,356,59,45.2,11.4,29,6.9,3.3,5,32.2,14,17.7,0.4,98.3,33.2,0.3,5.1,26.9,1.9,0.9073,0.7561,0.6158,0.5659,0.6098,3.4549,0.734,0.122,0.9268,0.7512,0.8867,0.3512,3.0379,0.6897,0.9073,0.9073,0.9073,0.399,0.9557,0.7833,0.3498,0.6244,3.1122,0.931,10.5123,0.867,1,0,0,0,0,1,0,1,0,0,0,1,1,1,0,1,0,0,0,1,4,"10+ minutes","0-5 minutes"
"184",11001009905,1.12,0.15,"Census Tract 99.05; District of Columbia; District of Columbia",0.166625407,3461,1471,1369,967,295,491,161,57,310,1078,478,285,0,3368,231,0,0,477,31,28,17.3,35.9,7.1,1.7,9,31.1,13.9,20.8,0,97.3,15.7,0,0,34.8,0.9,0.7317,0.8878,0.7685,0.5707,0.3317,3.2904,0.6995,0.3512,0.9024,0.7366,0.9212,0,2.9114,0.6207,0.8488,0.8488,0.8488,0.1872,0,0,0.5369,0.478,1.2021,0.1478,8.2527,0.6256,0,0,0,0,0,0,0,1,0,1,0,2,0,0,0,0,0,0,0,0,2,"10+ minutes","0-5 minutes"
"185",11001009906,0.38,0.12,"Census Tract 99.06; District of Columbia; District of Columbia",0.097561798,1622,844,741,408,99,310,101,132,345,349,202,78,11,1553,278,0,22,263,14,25.2,14.5,41.8,8.7,8.1,21.3,21.5,12.5,10.5,0.8,95.7,32.9,0,3,35.5,0.9,0.7073,0.8341,0.8473,0.6732,0.922,3.9839,0.8621,0.8634,0.6293,0.6683,0.7734,0.4683,3.4027,0.8571,0.8098,0.8098,0.8098,0.3941,0,0.5517,0.5468,0.478,1.9706,0.5074,10.167,0.8374,0,0,0,0,1,1,0,0,0,0,0,0,0,0,0,0,0,0,0,0,1,"6-10 minutes","0-5 minutes"
"186",11001009907,0.84,0.08,"Census Tract 99.07; District of Columbia; District of Columbia",0.180291873,2472,1108,923,668,80,253,333,48,252,762,252,150,23,2424,83,0,171,365,13,27.2,5.9,27.4,22.3,2,10.2,30.8,10.2,16.3,1,98.1,7.5,0,18.6,39.5,0.5,0.7268,0.522,0.5616,0.9805,0.3951,3.186,0.665,0.4293,0.8927,0.5317,0.8719,0.5512,3.2768,0.798,0.8927,0.8927,0.8927,0.1034,0,0.9951,0.6059,0.3415,2.0459,0.5468,9.4014,0.7438,0,0,0,1,0,1,0,0,0,0,0,0,0,0,0,0,1,0,0,1,2,"10+ minutes","0-5 minutes"
"187",11001010100,0.27,0.1,"Census Tract 101; District of Columbia; District of Columbia",0.223641861,2723,2065,1884,304,116,555,3,87,268,42,223,26,21,1257,1989,0,241,1179,81,11.4,5.2,29.5,0.1,3.2,9.8,1.5,8.3,1.4,0.8,46.2,96.3,0,12.8,62.6,3,0.361,0.4976,0.6305,0.0829,0.5854,2.1574,0.4384,0.4,0.0732,0.3951,0.2808,0.4683,1.6174,0.2167,0.3659,0.3659,0.3659,0.9458,0,0.9655,0.9655,0.7463,3.6231,0.9852,7.7638,0.5616,0,0,0,0,0,0,0,0,0,0,0,0,0,0,1,0,1,1,0,3,3,"6-10 minutes","0-5 minutes"
"188",11001010201,0.19,0.06,"Census Tract 102.01; District of Columbia; District of Columbia",0.067522676,2837,2353,1966,211,121,628,16,164,270,302,207,24,5,1520,2230,0,50,963,3,7.4,5.4,31.9,0.7,5.8,9.5,10.6,7.3,1.2,0.2,53.6,94.8,0,2.5,49,0.1,0.2,0.5073,0.7143,0.1415,0.8488,2.4119,0.5222,0.3756,0.2829,0.322,0.2365,0.2976,1.5146,0.1823,0.4634,0.4634,0.4634,0.931,0,0.4975,0.7734,0.2049,2.4068,0.7438,6.7967,0.4335,0,0,0,0,0,0,0,0,0,0,0,0,0,0,1,0,0,0,0,1,1,"0-5 minutes","0-5 minutes"
"189",11001010202,0.32,0.08,"Census Tract 102.02; District of Columbia; District of Columbia",0.41293107,2303,1553,1456,446,55,392,84,29,310,213,247,158,0,1134,1057,0,0,489,29,19.5,3.3,26.9,4.2,1.3,13.5,9.2,10.8,10.9,0,49.2,68.1,0,0,33.6,1.3,0.5951,0.3317,0.5468,0.4244,0.2537,2.1517,0.4286,0.6195,0.2146,0.5805,0.7882,0,2.2028,0.3596,0.4,0.4,0.4,0.7438,0,0,0.5074,0.5317,1.7829,0.3744,6.5374,0.399,0,0,0,0,0,0,0,0,0,0,0,0,0,0,0,0,0,0,0,0,0,"6-10 minutes","0-5 minutes"
"190",11001010300,0.55,0.14,"Census Tract 103; District of Columbia; District of Columbia",0.418762754,4196,1700,1611,624,85,510,409,87,521,940,516,201,271,3500,687,0,55,409,144,15,3.5,31.7,13.9,2.1,12.4,22.4,12.4,12.5,6.7,83.4,40.4,0,3.4,25.4,3.4,0.4829,0.3512,0.6995,0.8244,0.4098,2.7678,0.6108,0.5659,0.6585,0.6634,0.8227,0.9122,3.6227,0.9458,0.6878,0.6878,0.6878,0.4778,0,0.6207,0.3202,0.7805,2.1992,0.6453,9.2775,0.7291,0,0,0,0,0,0,0,0,0,0,1,1,0,0,0,0,0,0,0,0,1,"10+ minutes","0-5 minutes"
"191",11001010400,0.85,0.06,"Census Tract 104; District of Columbia; District of Columbia",1.004789142,4725,2502,2288,1669,463,719,327,440,548,807,613,266,35,4380,485,0,21,1041,865,36.8,17.5,31.4,9.3,9.7,11.6,17.1,13.5,11.6,0.8,92.7,19.4,0,0.9,45.5,18.3,0.8146,0.8976,0.6847,0.6927,0.9707,4.0603,0.8867,0.522,0.478,0.7073,0.8177,0.4683,2.9933,0.6798,0.7659,0.7659,0.7659,0.2315,0,0.3054,0.7143,0.9561,2.2073,0.6502,10.0268,0.798,0,0,0,0,1,1,0,0,0,0,0,0,0,0,0,0,0,0,1,1,2,"10+ minutes","0-5 minutes"
"192",11001010500,0.3,0.1,"Census Tract 105; District of Columbia; District of Columbia",0.289534415,3953,2475,2414,957,108,528,232,152,313,351,426,57,0,2056,2041,56,116,1047,3,24.2,3.6,21.9,7.2,3.8,7.9,8.9,10.8,2.4,0,52,82.5,2.3,4.8,43.4,0.1,0.678,0.3707,0.4483,0.5902,0.6683,2.7555,0.6059,0.2683,0.2049,0.5805,0.3793,0,1.433,0.1429,0.4439,0.4439,0.4439,0.8473,0.9803,0.7635,0.6847,0.2049,3.4807,0.9606,8.1131,0.601,0,0,0,0,0,0,0,0,0,0,0,0,0,0,0,1,0,0,0,1,1,"6-10 minutes","0-5 minutes"
"193",11001010601,0.32,0.09,"Census Tract 106.01; District of Columbia; District of Columbia",0.086799977,1858,1395,1179,265,0,357,44,60,2,44,113,0,0,793,1395,0,81,645,10,14.3,0,30.3,2.7,3.2,0.1,2.4,6.1,0,0,42.7,100,0,6.9,54.7,0.5,0.4732,0,0.6552,0.3024,0.5854,2.0162,0.399,0.0098,0.0927,0.1902,0,0,0.2927,0.0049,0.322,0.322,0.322,0.9852,0,0.8374,0.8768,0.3415,3.0409,0.9261,5.6718,0.266,0,0,0,0,0,0,0,0,0,0,0,0,0,0,1,0,0,0,0,1,1,"6-10 minutes","0-5 minutes"
"194",11001010602,0.45,0.09,"Census Tract 106.02; District of Columbia; District of Columbia",0.209464968,6682,3376,2931,1360,115,651,252,100,414,1129,782,148,10,3456,1826,0,102,973,113,20.4,2.5,22.2,4.9,1.5,6.2,16.9,11.7,5,0.2,51.7,54.1,0,3.5,33.2,1.7,0.6293,0.2537,0.4581,0.4683,0.3073,2.1167,0.4236,0.2,0.4683,0.6341,0.5862,0.2976,2.1862,0.3547,0.439,0.439,0.439,0.6256,0,0.6355,0.4828,0.6049,2.3488,0.7192,7.0907,0.4828,0,0,0,0,0,0,0,0,0,0,0,0,0,0,0,0,0,0,0,0,0,"10+ minutes","0-5 minutes"
"195",11001010603,0.4,0.08,"Census Tract 106.03; District of Columbia; District of Columbia",0.179255576,2709,2055,1816,138,34,506,35,119,123,2,197,8,0,897,1966,0,13,978,0,5.1,1.3,27.9,1.7,4.4,4.5,0.1,7.3,0.4,0,33.1,95.7,0,0.7,53.9,0,0.1122,0.1073,0.5764,0.2341,0.7463,1.7763,0.3054,0.1122,0.0195,0.322,0.1872,0,0.6409,0.0394,0.2195,0.2195,0.2195,0.936,0,0.2315,0.8522,0,2.0197,0.5369,4.6564,0.1281,0,0,0,0,0,0,0,0,0,0,0,0,0,0,1,0,0,0,0,1,1,"6-10 minutes","0-5 minutes"
"196",11001010700,0.25,0.06,"Census Tract 107; District of Columbia; District of Columbia",0.34424391,1587,1477,1200,194,29,360,35,113,132,38,41,0,0,503,1469,0,58,868,86,12.8,2.4,30,2.9,7.1,8.3,2.4,2.6,0,0,31.7,99.4,0,4.9,72.3,5.4,0.4146,0.2341,0.6453,0.3171,0.9024,2.5135,0.5271,0.3024,0.0927,0.0293,0,0,0.4244,0.0148,0.1951,0.1951,0.1951,0.9754,0,0.7734,0.9951,0.8537,3.5976,0.9754,6.7306,0.4286,0,0,0,0,1,1,0,0,0,0,0,0,0,0,1,0,0,1,0,2,3,"6-10 minutes","0-5 minutes"
"197",11001010800,0.34,0.05,"Census Tract 108; District of Columbia; District of Columbia",0.255437361,4083,1366,902,511,225,530,24,56,29,41,288,0,5,1868,1279,26,38,777,2951,44.9,13.2,58.8,2.9,1.4,0.7,1,7.1,0,0.1,45.8,93.7,1.9,4.2,86.1,72.3,0.9024,0.7951,0.9655,0.3171,0.2878,3.2679,0.6946,0.0195,0.0537,0.3024,0,0.278,0.6536,0.0493,0.361,0.361,0.361,0.9163,0.9704,0.7291,1,0.9854,4.6012,1,8.8837,0.6847,1,0,1,0,0,2,0,0,0,0,0,0,0,0,1,1,0,1,1,4,6,"6-10 minutes","0-5 minutes"
"198",11001010900,2.53,0.1,"Census Tract 109; District of Columbia; District of Columbia",0.919339364,3338,1373,1184,1630,236,718,287,92,227,954,700,213,0,3211,563,0,108,532,406,48.8,15,60.6,14.5,2.8,6.8,28.6,21,18,0,96.2,41,0,9.2,44.9,12.2,0.9415,0.8488,0.9754,0.8439,0.5122,4.1218,0.9064,0.2439,0.8585,0.9317,0.8916,0,2.9257,0.6453,0.8244,0.8244,0.8244,0.4975,0,0.8916,0.6995,0.9366,3.0252,0.9212,10.8971,0.9113,1,0,1,0,0,2,0,0,1,0,0,1,0,0,0,0,0,0,1,1,4,"10+ minutes","0-5 minutes"
"199",11001011001,0.27,0.06,"Census Tract 110.01; District of Columbia; District of Columbia",0.05886125,2607,1580,1439,354,47,262,52,26,322,379,143,43,0,1567,1046,0,57,448,0,13.6,2.8,18.2,2.4,1,12.4,14.5,5.6,3,0,60.1,66.2,0,4,31.1,0,0.4488,0.2829,0.3498,0.2878,0.1902,1.5595,0.2414,0.5659,0.3902,0.1512,0.4532,0,1.5605,0.202,0.5171,0.5171,0.5171,0.7143,0,0.7044,0.4433,0,1.862,0.399,5.4991,0.2365,0,0,0,0,0,0,0,0,0,0,0,0,0,0,0,0,0,0,0,0,0,"6-10 minutes","0-5 minutes"
"200",11001011002,0.3,0.08,"Census Tract 110.02; District of Columbia; District of Columbia",0.192322039,1564,1343,1129,149,104,248,21,0,447,39,208,0,0,591,1258,0,0,419,43,9.8,9.8,22,1.4,0,28.6,2.5,13.7,0,0,37.8,93.7,0,0,37.1,2.7,0.3024,0.7024,0.4532,0.2098,0,1.6678,0.2759,0.9659,0.1024,0.7171,0,0,1.7854,0.2611,0.2683,0.2683,0.2683,0.9163,0,0,0.5714,0.722,2.2097,0.6552,5.9312,0.3054,0,0,0,0,0,0,1,0,0,0,0,1,0,0,1,0,0,0,0,1,2,"6-10 minutes","0-5 minutes"
"201",11001011100,1.83,0.14,"Census Tract 111; District of Columbia; District of Columbia",2.207998805,5308,2056,1927,1336,423,606,603,191,875,1113,1028,86,54,4644,453,0,12,651,533,26.2,16.8,31.4,15.5,3.8,16.5,21,20.2,4.5,1.1,87.5,22,0,0.6,33.8,10,0.7122,0.8732,0.6847,0.8829,0.6683,3.8213,0.8227,0.7415,0.6195,0.9171,0.5567,0.5854,3.4202,0.867,0.7024,0.7024,0.7024,0.2562,0,0.2069,0.5172,0.9122,1.8925,0.4483,9.8364,0.7882,0,0,0,0,0,0,0,0,1,0,0,1,0,0,0,0,0,0,1,1,2,"10+ minutes","0-5 minutes"
